ID,Score
0,3.0
1,2.0
2,3.0
3,4.0
4,3.0
5,3.0
6,2.0
7,3.0
8,2.0
9,3.0
10,4.0
11,4.0
12,3.0
13,1.0
14,4.0
15,4.0
16,2.0
17,4.0
18,3.0
19,3.0
20,3.0
21,3.0
22,2.0
23,5.0
24,1.0
25,2.0
26,3.0
27,2.0
28,3.0
29,3.0
30,3.0
31,3.0
32,2.0
33,2.0
34,4.0
35,2.0
36,3.0
37,2.0
38,2.0
39,3.0
40,4.0
41,4.0
42,3.0
43,2.0
44,3.0
45,3.0
46,3.0
47,3.0
48,2.0
49,1.0
50,2.0
51,1.0
52,1.0
53,2.0
54,2.0
55,3.0
56,2.0
57,2.0
58,3.0
59,3.0
60,3.0
61,2.0
62,3.0
63,4.0
64,3.0
65,3.0
66,2.0
67,3.0
68,4.0
69,2.0
70,2.0
71,3.0
72,2.0
73,4.0
74,3.0
75,3.0
76,3.0
77,3.0
78,3.0
79,2.0
80,3.0
81,3.0
82,3.0
83,2.0
84,2.0
85,4.0
86,3.0
87,3.0
88,2.0
89,4.0
90,4.0
91,4.0
92,5.0
93,4.0
94,3.0
95,5.0
96,3.0
97,2.0
98,3.0
99,4.0
100,3.0
101,2.0
102,2.0
103,2.0
104,2.0
105,2.0
106,2.0
107,3.0
108,2.0
109,3.0
110,4.0
111,2.0
112,2.0
113,2.0
114,3.0
115,2.0
116,2.0
117,2.0
118,3.0
119,2.0
120,2.0
121,3.0
122,1.0
123,2.0
124,4.0
125,3.0
126,3.0
127,1.0
128,4.0
129,3.0
130,4.0
131,2.0
132,2.0
133,4.0
134,3.0
135,2.0
136,3.0
137,3.0
138,2.0
139,3.0
140,2.0
141,4.0
142,2.0
143,2.0
144,3.0
145,3.0
146,4.0
147,4.0
148,4.0
149,4.0
150,3.0
151,2.0
152,3.0
153,1.0
154,2.0
155,3.0
156,2.0
157,3.0
158,3.0
159,4.0
160,4.0
161,1.0
162,3.0
163,3.0
164,3.0
165,3.0
166,4.0
167,2.0
168,3.0
169,3.0
170,3.0
171,2.0
172,2.0
173,4.0
174,2.0
175,5.0
176,3.0
177,3.0
178,3.0
179,4.0
180,3.0
181,3.0
182,3.0
183,3.0
184,2.0
185,2.0
186,2.0
187,3.0
188,3.0
189,3.0
190,3.0
191,3.0
192,2.0
193,1.0
194,3.0
195,2.0
196,4.0
197,2.0
198,2.0
199,3.0
200,4.0
201,2.0
202,2.0
203,3.0
204,2.0
205,3.0
206,2.0
207,4.0
208,3.0
209,3.0
210,3.0
211,4.0
212,4.0
213,2.0
214,2.0
215,4.0
216,3.0
217,3.0
218,3.0
219,3.0
220,4.0
221,2.0
222,3.0
223,3.0
224,2.0
225,4.0
226,1.0
227,3.0
228,1.0
229,3.0
230,3.0
231,4.0
232,4.0
233,4.0
234,2.0
235,3.0
236,4.0
237,2.0
238,3.0
239,2.0
240,3.0
241,2.0
242,3.0
243,2.0
244,1.0
245,3.0
246,4.0
247,2.0
248,4.0
249,2.0
250,2.0
251,3.0
252,2.0
253,3.0
254,3.0
255,2.0
256,3.0
257,3.0
258,4.0
259,3.0
260,2.0
261,3.0
262,3.0
263,2.0
264,3.0
265,3.0
266,3.0
267,3.0
268,2.0
269,3.0
270,4.0
271,3.0
272,3.0
273,3.0
274,3.0
275,3.0
276,2.0
277,2.0
278,2.0
279,2.0
280,5.0
281,2.0
282,2.0
283,1.0
284,3.0
285,3.0
286,3.0
287,3.0
288,2.0
289,4.0
290,4.0
291,4.0
292,2.0
293,4.0
294,4.0
295,2.0
296,4.0
297,1.0
298,2.0
299,4.0
300,4.0
301,3.0
302,2.0
303,4.0
304,3.0
305,3.0
306,2.0
307,3.0
308,3.0
309,2.0
310,2.0
311,2.0
312,2.0
313,2.0
314,3.0
315,3.0
316,3.0
317,5.0
318,3.0
319,1.0
320,3.0
321,3.0
322,3.0
323,4.0
324,4.0
325,3.0
326,3.0
327,5.0
328,4.0
329,4.0
330,3.0
331,3.0
332,2.0
333,2.0
334,3.0
335,3.0
336,2.0
337,3.0
338,4.0
339,3.0
340,3.0
341,4.0
342,3.0
343,3.0
344,3.0
345,3.0
346,2.0
347,3.0
348,2.0
349,2.0
350,3.0
351,3.0
352,3.0
353,4.0
354,3.0
355,4.0
356,3.0
357,3.0
358,3.0
359,3.0
360,2.0
361,3.0
362,4.0
363,3.0
364,3.0
365,3.0
366,1.0
367,3.0
368,3.0
369,4.0
370,4.0
371,3.0
372,3.0
373,4.0
374,2.0
375,2.0
376,3.0
377,3.0
378,3.0
379,3.0
380,3.0
381,4.0
382,3.0
383,2.0
384,3.0
385,3.0
386,4.0
387,2.0
388,3.0
389,3.0
390,2.0
391,2.0
392,3.0
393,4.0
394,3.0
395,4.0
396,5.0
397,3.0
398,3.0
399,3.0
400,3.0
401,3.0
402,4.0
403,4.0
404,2.0
405,4.0
406,1.0
407,5.0
408,3.0
409,3.0
410,3.0
411,3.0
412,5.0
413,4.0
414,2.0
415,5.0
416,3.0
417,4.0
418,2.0
419,2.0
420,3.0
421,1.0
422,3.0
423,2.0
424,4.0
425,2.0
426,3.0
427,2.0
428,3.0
429,4.0
430,2.0
431,3.0
432,3.0
433,3.0
434,3.0
435,2.0
436,3.0
437,3.0
438,2.0
439,3.0
440,3.0
441,2.0
442,3.0
443,3.0
444,2.0
445,2.0
446,4.0
447,3.0
448,3.0
449,4.0
450,3.0
451,3.0
452,4.0
453,2.0
454,3.0
455,3.0
456,3.0
457,2.0
458,2.0
459,4.0
460,3.0
461,4.0
462,3.0
463,4.0
464,2.0
465,3.0
466,2.0
467,1.0
468,4.0
469,3.0
470,4.0
471,4.0
472,2.0
473,2.0
474,3.0
475,3.0
476,2.0
477,5.0
478,4.0
479,3.0
480,1.0
481,4.0
482,2.0
483,2.0
484,3.0
485,4.0
486,3.0
487,3.0
488,2.0
489,2.0
490,2.0
491,4.0
492,4.0
493,3.0
494,3.0
495,3.0
496,3.0
497,3.0
498,5.0
499,3.0
500,3.0
501,2.0
502,4.0
503,4.0
504,3.0
505,3.0
506,5.0
507,2.0
508,2.0
509,3.0
510,3.0
511,3.0
512,3.0
513,2.0
514,4.0
515,3.0
516,3.0
517,2.0
518,3.0
519,4.0
520,3.0
521,4.0
522,2.0
523,4.0
524,3.0
525,2.0
526,3.0
527,2.0
528,2.0
529,3.0
530,2.0
531,2.0
532,3.0
533,4.0
534,3.0
535,2.0
536,3.0
537,4.0
538,2.0
539,4.0
540,4.0
541,3.0
542,4.0
543,4.0
544,5.0
545,3.0
546,3.0
547,2.0
548,2.0
549,2.0
550,3.0
551,1.0
552,2.0
553,3.0
554,3.0
555,2.0
556,2.0
557,3.0
558,3.0
559,3.0
560,3.0
561,3.0
562,2.0
563,4.0
564,3.0
565,2.0
566,4.0
567,3.0
568,3.0
569,3.0
570,3.0
571,2.0
572,3.0
573,3.0
574,2.0
575,5.0
576,1.0
577,2.0
578,3.0
579,4.0
580,4.0
581,3.0
582,2.0
583,4.0
584,2.0
585,4.0
586,4.0
587,3.0
588,5.0
589,3.0
590,3.0
591,3.0
592,1.0
593,2.0
594,3.0
595,4.0
596,3.0
597,4.0
598,3.0
599,2.0
600,4.0
601,5.0
602,3.0
603,3.0
604,4.0
605,3.0
606,3.0
607,3.0
608,3.0
609,2.0
610,4.0
611,5.0
612,1.0
613,3.0
614,3.0
615,3.0
616,3.0
617,2.0
618,5.0
619,3.0
620,2.0
621,2.0
622,4.0
623,3.0
624,3.0
625,3.0
626,3.0
627,3.0
628,4.0
629,3.0
630,3.0
631,4.0
632,4.0
633,3.0
634,4.0
635,3.0
636,3.0
637,4.0
638,3.0
639,2.0
640,4.0
641,2.0
642,4.0
643,3.0
644,2.0
645,3.0
646,3.0
647,3.0
648,3.0
649,3.0
650,3.0
651,3.0
652,3.0
653,3.0
654,5.0
655,2.0
656,2.0
657,1.0
658,3.0
659,3.0
660,3.0
661,2.0
662,3.0
663,3.0
664,3.0
665,3.0
666,3.0
667,3.0
668,3.0
669,4.0
670,3.0
671,4.0
672,2.0
673,2.0
674,2.0
675,5.0
676,2.0
677,4.0
678,3.0
679,1.0
680,3.0
681,1.0
682,4.0
683,2.0
684,3.0
685,4.0
686,2.0
687,4.0
688,4.0
689,3.0
690,2.0
691,2.0
692,3.0
693,3.0
694,3.0
695,1.0
696,4.0
697,3.0
698,3.0
699,4.0
700,3.0
701,2.0
702,5.0
703,2.0
704,4.0
705,3.0
706,4.0
707,3.0
708,4.0
709,3.0
710,3.0
711,4.0
712,2.0
713,3.0
714,2.0
715,3.0
716,2.0
717,3.0
718,1.0
719,4.0
720,2.0
721,3.0
722,3.0
723,4.0
724,4.0
725,3.0
726,2.0
727,3.0
728,2.0
729,3.0
730,3.0
731,2.0
732,3.0
733,3.0
734,3.0
735,3.0
736,3.0
737,2.0
738,3.0
739,1.0
740,2.0
741,4.0
742,3.0
743,3.0
744,3.0
745,3.0
746,3.0
747,3.0
748,1.0
749,4.0
750,1.0
751,3.0
752,3.0
753,4.0
754,3.0
755,2.0
756,3.0
757,4.0
758,4.0
759,3.0
760,3.0
761,3.0
762,4.0
763,2.0
764,3.0
765,3.0
766,2.0
767,4.0
768,3.0
769,3.0
770,4.0
771,3.0
772,5.0
773,3.0
774,3.0
775,3.0
776,3.0
777,2.0
778,1.0
779,4.0
780,3.0
781,3.0
782,4.0
783,4.0
784,3.0
785,3.0
786,2.0
787,3.0
788,2.0
789,3.0
790,2.0
791,4.0
792,3.0
793,4.0
794,3.0
795,3.0
796,3.0
797,4.0
798,3.0
799,3.0
800,2.0
801,4.0
802,2.0
803,2.0
804,4.0
805,4.0
806,2.0
807,3.0
808,2.0
809,4.0
810,3.0
811,4.0
812,4.0
813,4.0
814,2.0
815,4.0
816,2.0
817,3.0
818,5.0
819,3.0
820,2.0
821,2.0
822,2.0
823,3.0
824,3.0
825,3.0
826,4.0
827,4.0
828,4.0
829,3.0
830,4.0
831,3.0
832,4.0
833,4.0
834,3.0
835,3.0
836,3.0
837,2.0
838,2.0
839,2.0
840,2.0
841,4.0
842,2.0
843,3.0
844,3.0
845,2.0
846,3.0
847,2.0
848,3.0
849,3.0
850,2.0
851,4.0
852,3.0
853,4.0
854,4.0
855,3.0
856,3.0
857,3.0
858,3.0
859,4.0
860,3.0
861,3.0
862,3.0
863,2.0
864,1.0
865,4.0
866,2.0
867,5.0
868,3.0
869,2.0
870,3.0
871,3.0
872,2.0
873,3.0
874,3.0
875,2.0
876,1.0
877,3.0
878,4.0
879,4.0
880,3.0
881,4.0
882,3.0
883,1.0
884,3.0
885,4.0
886,3.0
887,4.0
888,2.0
889,3.0
890,2.0
891,3.0
892,3.0
893,2.0
894,1.0
895,3.0
896,2.0
897,2.0
898,4.0
899,2.0
900,3.0
901,2.0
902,3.0
903,3.0
904,3.0
905,3.0
906,3.0
907,5.0
908,4.0
909,3.0
910,3.0
911,3.0
912,2.0
913,3.0
914,2.0
915,2.0
916,2.0
917,3.0
918,4.0
919,2.0
920,1.0
921,2.0
922,3.0
923,2.0
924,2.0
925,5.0
926,5.0
927,2.0
928,2.0
929,4.0
930,3.0
931,3.0
932,4.0
933,2.0
934,3.0
935,3.0
936,3.0
937,3.0
938,3.0
939,4.0
940,3.0
941,4.0
942,3.0
943,3.0
944,2.0
945,2.0
946,1.0
947,4.0
948,3.0
949,2.0
950,2.0
951,3.0
952,3.0
953,3.0
954,3.0
955,3.0
956,3.0
957,2.0
958,2.0
959,4.0
960,3.0
961,2.0
962,3.0
963,3.0
964,3.0
965,3.0
966,4.0
967,3.0
968,3.0
969,3.0
970,2.0
971,1.0
972,4.0
973,3.0
974,3.0
975,3.0
976,3.0
977,3.0
978,2.0
979,4.0
980,1.0
981,3.0
982,2.0
983,4.0
984,3.0
985,3.0
986,4.0
987,3.0
988,3.0
989,2.0
990,2.0
991,1.0
992,3.0
993,1.0
994,4.0
995,2.0
996,3.0
997,3.0
998,4.0
999,5.0
1000,3.0
1001,2.0
1002,3.0
1003,3.0
1004,3.0
1005,3.0
1006,3.0
1007,3.0
1008,3.0
1009,3.0
1010,4.0
1011,2.0
1012,3.0
1013,3.0
1014,4.0
1015,3.0
1016,3.0
1017,3.0
1018,2.0
1019,2.0
1020,3.0
1021,2.0
1022,4.0
1023,2.0
1024,3.0
1025,3.0
1026,2.0
1027,2.0
1028,3.0
1029,3.0
1030,2.0
1031,3.0
1032,2.0
1033,4.0
1034,3.0
1035,3.0
1036,3.0
1037,2.0
1038,2.0
1039,3.0
1040,4.0
1041,3.0
1042,2.0
1043,2.0
1044,3.0
1045,3.0
1046,2.0
1047,3.0
1048,3.0
1049,3.0
1050,3.0
1051,4.0
1052,3.0
1053,3.0
1054,3.0
1055,2.0
1056,2.0
1057,1.0
1058,3.0
1059,2.0
1060,3.0
1061,3.0
1062,3.0
1063,3.0
1064,3.0
1065,2.0
1066,4.0
1067,3.0
1068,3.0
1069,2.0
1070,4.0
1071,2.0
1072,3.0
1073,4.0
1074,4.0
1075,3.0
1076,3.0
1077,2.0
1078,4.0
1079,4.0
1080,3.0
1081,2.0
1082,3.0
1083,3.0
1084,1.0
1085,2.0
1086,3.0
1087,3.0
1088,1.0
1089,2.0
1090,3.0
1091,2.0
1092,2.0
1093,4.0
1094,4.0
1095,3.0
1096,4.0
1097,2.0
1098,3.0
1099,3.0
1100,2.0
1101,4.0
1102,2.0
1103,3.0
1104,3.0
1105,3.0
1106,2.0
1107,3.0
1108,3.0
1109,2.0
1110,2.0
1111,2.0
1112,3.0
1113,2.0
1114,2.0
1115,4.0
1116,2.0
1117,3.0
1118,4.0
1119,4.0
1120,3.0
1121,3.0
1122,3.0
1123,2.0
1124,2.0
1125,2.0
1126,4.0
1127,2.0
1128,2.0
1129,3.0
1130,4.0
1131,3.0
1132,4.0
1133,2.0
1134,4.0
1135,4.0
1136,2.0
1137,4.0
1138,3.0
1139,2.0
1140,4.0
1141,2.0
1142,2.0
1143,4.0
1144,4.0
1145,3.0
1146,3.0
1147,4.0
1148,3.0
1149,1.0
1150,4.0
1151,4.0
1152,4.0
1153,2.0
1154,5.0
1155,3.0
1156,2.0
1157,3.0
1158,3.0
1159,2.0
1160,3.0
1161,4.0
1162,3.0
1163,2.0
1164,2.0
1165,3.0
1166,3.0
1167,3.0
1168,1.0
1169,4.0
1170,3.0
1171,3.0
1172,2.0
1173,4.0
1174,3.0
1175,2.0
1176,4.0
1177,3.0
1178,5.0
1179,3.0
1180,3.0
1181,3.0
1182,3.0
1183,2.0
1184,4.0
1185,4.0
1186,4.0
1187,2.0
1188,4.0
1189,4.0
1190,2.0
1191,3.0
1192,3.0
1193,4.0
1194,3.0
1195,4.0
1196,2.0
1197,3.0
1198,1.0
1199,5.0
1200,3.0
1201,2.0
1202,4.0
1203,2.0
1204,4.0
1205,2.0
1206,3.0
1207,1.0
1208,2.0
1209,3.0
1210,4.0
1211,4.0
1212,2.0
1213,3.0
1214,3.0
1215,3.0
1216,3.0
1217,2.0
1218,2.0
1219,3.0
1220,4.0
1221,3.0
1222,1.0
1223,3.0
1224,2.0
1225,2.0
1226,4.0
1227,2.0
1228,2.0
1229,2.0
1230,3.0
1231,2.0
1232,2.0
1233,2.0
1234,3.0
1235,1.0
1236,1.0
1237,4.0
1238,5.0
1239,3.0
1240,2.0
1241,3.0
1242,3.0
1243,3.0
1244,3.0
1245,2.0
1246,2.0
1247,2.0
1248,4.0
1249,2.0
1250,3.0
1251,3.0
1252,4.0
1253,1.0
1254,1.0
1255,2.0
1256,3.0
1257,4.0
1258,3.0
1259,2.0
1260,2.0
1261,3.0
1262,2.0
1263,3.0
1264,3.0
1265,3.0
1266,3.0
1267,1.0
1268,3.0
1269,5.0
1270,2.0
1271,3.0
1272,2.0
1273,3.0
1274,4.0
1275,2.0
1276,3.0
1277,4.0
1278,3.0
1279,3.0
1280,3.0
1281,4.0
1282,3.0
1283,1.0
1284,3.0
1285,4.0
1286,3.0
1287,3.0
1288,2.0
1289,3.0
1290,2.0
1291,2.0
1292,2.0
1293,4.0
1294,4.0
1295,2.0
1296,3.0
1297,4.0
1298,3.0
1299,4.0
1300,1.0
1301,4.0
1302,3.0
1303,3.0
1304,3.0
1305,3.0
1306,1.0
1307,3.0
1308,3.0
1309,2.0
1310,3.0
1311,3.0
1312,4.0
1313,3.0
1314,2.0
1315,2.0
1316,2.0
1317,3.0
1318,4.0
1319,1.0
1320,3.0
1321,3.0
1322,2.0
1323,2.0
1324,3.0
1325,4.0
1326,3.0
1327,2.0
1328,3.0
1329,2.0
1330,3.0
1331,2.0
1332,2.0
1333,2.0
1334,4.0
1335,3.0
1336,1.0
1337,3.0
1338,3.0
1339,2.0
1340,4.0
1341,4.0
1342,3.0
1343,4.0
1344,4.0
1345,2.0
1346,1.0
1347,2.0
1348,3.0
1349,4.0
1350,2.0
1351,2.0
1352,3.0
1353,4.0
1354,3.0
1355,2.0
1356,2.0
1357,4.0
1358,2.0
1359,4.0
1360,2.0
1361,3.0
1362,2.0
1363,3.0
1364,3.0
1365,3.0
1366,4.0
1367,1.0
1368,3.0
1369,4.0
1370,2.0
1371,3.0
1372,3.0
1373,3.0
1374,3.0
1375,3.0
1376,2.0
1377,3.0
1378,4.0
1379,2.0
1380,3.0
1381,3.0
1382,4.0
1383,3.0
1384,3.0
1385,2.0
1386,3.0
1387,2.0
1388,2.0
1389,3.0
1390,3.0
1391,4.0
1392,1.0
1393,2.0
1394,1.0
1395,3.0
1396,4.0
1397,4.0
1398,3.0
1399,4.0
1400,4.0
1401,2.0
1402,2.0
1403,3.0
1404,4.0
1405,4.0
1406,3.0
1407,2.0
1408,4.0
1409,3.0
1410,2.0
1411,3.0
1412,4.0
1413,3.0
1414,3.0
1415,2.0
1416,2.0
1417,2.0
1418,2.0
1419,2.0
1420,3.0
1421,3.0
1422,4.0
1423,3.0
1424,3.0
1425,2.0
1426,3.0
1427,3.0
1428,3.0
1429,3.0
1430,3.0
1431,3.0
1432,4.0
1433,1.0
1434,3.0
1435,4.0
1436,2.0
1437,2.0
1438,3.0
1439,3.0
1440,2.0
1441,2.0
1442,3.0
1443,3.0
1444,2.0
1445,3.0
1446,2.0
1447,3.0
1448,4.0
1449,3.0
1450,2.0
1451,3.0
1452,4.0
1453,3.0
1454,2.0
1455,3.0
1456,3.0
1457,2.0
1458,3.0
1459,2.0
1460,2.0
1461,2.0
1462,4.0
1463,3.0
1464,4.0
1465,3.0
1466,2.0
1467,4.0
1468,4.0
1469,3.0
1470,3.0
1471,3.0
1472,4.0
1473,3.0
1474,3.0
1475,3.0
1476,2.0
1477,3.0
1478,4.0
1479,3.0
1480,3.0
1481,1.0
1482,3.0
1483,2.0
1484,4.0
1485,2.0
1486,4.0
1487,3.0
1488,4.0
1489,2.0
1490,3.0
1491,2.0
1492,5.0
1493,3.0
1494,3.0
1495,3.0
1496,4.0
1497,3.0
1498,3.0
1499,2.0
1500,3.0
1501,3.0
1502,3.0
1503,3.0
1504,4.0
1505,2.0
1506,1.0
1507,3.0
1508,2.0
1509,3.0
1510,3.0
1511,3.0
1512,1.0
1513,5.0
1514,3.0
1515,3.0
1516,2.0
1517,3.0
1518,3.0
1519,3.0
1520,1.0
1521,2.0
1522,4.0
1523,2.0
1524,4.0
1525,5.0
1526,2.0
1527,4.0
1528,3.0
1529,4.0
1530,2.0
1531,2.0
1532,4.0
1533,2.0
1534,3.0
1535,2.0
1536,4.0
1537,3.0
1538,2.0
1539,2.0
1540,3.0
1541,2.0
1542,4.0
1543,2.0
1544,3.0
1545,4.0
1546,4.0
1547,3.0
1548,2.0
1549,2.0
1550,2.0
1551,3.0
1552,3.0
1553,3.0
1554,3.0
1555,2.0
1556,2.0
1557,3.0
1558,3.0
1559,3.0
1560,3.0
1561,3.0
1562,2.0
1563,3.0
1564,2.0
1565,3.0
1566,2.0
1567,3.0
1568,3.0
1569,4.0
1570,3.0
1571,4.0
1572,4.0
1573,1.0
1574,2.0
1575,2.0
1576,4.0
1577,2.0
1578,1.0
1579,3.0
1580,4.0
1581,2.0
1582,3.0
1583,3.0
1584,4.0
1585,4.0
1586,3.0
1587,3.0
1588,2.0
1589,2.0
1590,2.0
1591,1.0
1592,2.0
1593,5.0
1594,2.0
1595,2.0
1596,3.0
1597,3.0
1598,2.0
1599,4.0
1600,3.0
1601,2.0
1602,5.0
1603,3.0
1604,4.0
1605,4.0
1606,2.0
1607,2.0
1608,3.0
1609,4.0
1610,3.0
1611,2.0
1612,2.0
1613,4.0
1614,3.0
1615,3.0
1616,2.0
1617,2.0
1618,5.0
1619,3.0
1620,2.0
1621,3.0
1622,4.0
1623,3.0
1624,4.0
1625,3.0
1626,3.0
1627,3.0
1628,2.0
1629,2.0
1630,4.0
1631,2.0
1632,3.0
1633,4.0
1634,3.0
1635,2.0
1636,2.0
1637,2.0
1638,3.0
1639,3.0
1640,2.0
1641,3.0
1642,2.0
1643,3.0
1644,2.0
1645,2.0
1646,4.0
1647,3.0
1648,2.0
1649,2.0
1650,3.0
1651,2.0
1652,2.0
1653,3.0
1654,3.0
1655,2.0
1656,2.0
1657,2.0
1658,1.0
1659,3.0
1660,2.0
1661,1.0
1662,4.0
1663,4.0
1664,2.0
1665,2.0
1666,3.0
1667,3.0
1668,3.0
1669,3.0
1670,2.0
1671,3.0
1672,4.0
1673,4.0
1674,3.0
1675,2.0
1676,3.0
1677,3.0
1678,3.0
1679,3.0
1680,4.0
1681,3.0
1682,3.0
1683,2.0
1684,3.0
1685,4.0
1686,4.0
1687,3.0
1688,2.0
1689,2.0
1690,2.0
1691,2.0
1692,3.0
1693,3.0
1694,4.0
1695,2.0
1696,2.0
1697,3.0
1698,3.0
1699,3.0
1700,3.0
1701,2.0
1702,2.0
1703,3.0
1704,3.0
1705,3.0
1706,3.0
1707,2.0
1708,2.0
1709,4.0
1710,3.0
1711,3.0
1712,2.0
1713,2.0
1714,4.0
1715,2.0
1716,2.0
1717,2.0
1718,2.0
1719,2.0
1720,3.0
1721,2.0
1722,3.0
1723,4.0
1724,4.0
1725,2.0
1726,2.0
1727,4.0
1728,3.0
1729,3.0
1730,3.0
1731,3.0
1732,2.0
1733,3.0
1734,2.0
1735,3.0
1736,3.0
1737,3.0
1738,3.0
1739,4.0
1740,3.0
1741,3.0
1742,2.0
1743,4.0
1744,4.0
1745,1.0
1746,3.0
1747,3.0
1748,2.0
1749,4.0
1750,1.0
1751,4.0
1752,2.0
1753,3.0
1754,1.0
1755,2.0
1756,3.0
1757,2.0
1758,4.0
1759,3.0
1760,3.0
1761,3.0
1762,3.0
1763,3.0
1764,3.0
1765,4.0
1766,4.0
1767,2.0
1768,1.0
1769,2.0
1770,1.0
1771,3.0
1772,3.0
1773,3.0
1774,3.0
1775,3.0
1776,3.0
1777,4.0
1778,4.0
1779,2.0
1780,3.0
1781,2.0
1782,4.0
1783,3.0
1784,3.0
1785,4.0
1786,4.0
1787,3.0
1788,2.0
1789,3.0
1790,2.0
1791,3.0
1792,2.0
1793,2.0
1794,3.0
1795,3.0
1796,3.0
1797,3.0
1798,2.0
1799,3.0
1800,4.0
1801,4.0
1802,3.0
1803,1.0
1804,2.0
1805,4.0
1806,2.0
1807,2.0
1808,3.0
1809,3.0
1810,3.0
1811,2.0
1812,3.0
1813,3.0
1814,3.0
1815,2.0
1816,2.0
1817,4.0
1818,2.0
1819,2.0
1820,3.0
1821,2.0
1822,2.0
1823,1.0
1824,3.0
1825,3.0
1826,3.0
1827,3.0
1828,2.0
1829,1.0
1830,1.0
1831,3.0
1832,2.0
1833,4.0
1834,2.0
1835,2.0
1836,3.0
1837,3.0
1838,2.0
1839,3.0
1840,3.0
1841,3.0
1842,3.0
1843,2.0
1844,3.0
1845,2.0
1846,2.0
1847,2.0
1848,3.0
1849,2.0
1850,1.0
1851,2.0
1852,3.0
1853,3.0
1854,4.0
1855,4.0
1856,2.0
1857,3.0
1858,5.0
1859,3.0
1860,3.0
1861,2.0
1862,4.0
1863,2.0
1864,3.0
1865,3.0
1866,2.0
1867,4.0
1868,3.0
1869,2.0
1870,4.0
1871,3.0
1872,2.0
1873,2.0
1874,3.0
1875,3.0
1876,3.0
1877,2.0
1878,3.0
1879,2.0
1880,2.0
1881,3.0
1882,3.0
1883,2.0
1884,3.0
1885,2.0
1886,4.0
1887,3.0
1888,2.0
1889,3.0
1890,3.0
1891,3.0
1892,3.0
1893,2.0
1894,2.0
1895,3.0
1896,1.0
1897,3.0
1898,3.0
1899,3.0
1900,4.0
1901,2.0
1902,2.0
1903,2.0
1904,4.0
1905,5.0
1906,5.0
1907,3.0
1908,3.0
1909,2.0
1910,3.0
1911,3.0
1912,4.0
1913,2.0
1914,3.0
1915,2.0
1916,4.0
1917,3.0
1918,4.0
1919,4.0
1920,3.0
1921,3.0
1922,3.0
1923,4.0
1924,4.0
1925,3.0
1926,3.0
1927,2.0
1928,2.0
1929,2.0
1930,3.0
1931,3.0
1932,3.0
1933,3.0
1934,1.0
1935,3.0
1936,2.0
1937,3.0
1938,2.0
1939,2.0
1940,3.0
1941,3.0
1942,2.0
1943,2.0
1944,2.0
1945,3.0
1946,2.0
1947,4.0
1948,4.0
1949,4.0
1950,3.0
1951,2.0
1952,4.0
1953,2.0
1954,3.0
1955,3.0
1956,3.0
1957,2.0
1958,3.0
1959,3.0
1960,3.0
1961,2.0
1962,3.0
1963,3.0
1964,3.0
1965,3.0
1966,3.0
1967,3.0
1968,4.0
1969,1.0
1970,3.0
1971,3.0
1972,4.0
1973,3.0
1974,3.0
1975,3.0
1976,3.0
1977,3.0
1978,3.0
1979,3.0
1980,3.0
1981,3.0
1982,2.0
1983,3.0
1984,3.0
1985,3.0
1986,3.0
1987,3.0
1988,3.0
1989,3.0
1990,2.0
1991,2.0
1992,3.0
1993,2.0
1994,2.0
1995,2.0
1996,4.0
1997,3.0
1998,3.0
1999,3.0
2000,2.0
2001,3.0
2002,2.0
2003,4.0
2004,2.0
2005,3.0
2006,2.0
2007,4.0
2008,2.0
2009,5.0
2010,3.0
2011,4.0
2012,3.0
2013,2.0
2014,2.0
2015,3.0
2016,3.0
2017,2.0
2018,2.0
2019,4.0
2020,4.0
2021,3.0
2022,3.0
2023,3.0
2024,4.0
2025,3.0
2026,3.0
2027,2.0
2028,2.0
2029,2.0
2030,2.0
2031,2.0
2032,3.0
2033,3.0
2034,2.0
2035,2.0
2036,4.0
2037,2.0
2038,3.0
2039,2.0
2040,3.0
2041,2.0
2042,3.0
2043,3.0
2044,3.0
2045,3.0
2046,3.0
2047,2.0
2048,2.0
2049,3.0
2050,1.0
2051,1.0
2052,2.0
2053,3.0
2054,2.0
2055,3.0
2056,4.0
2057,3.0
2058,3.0
2059,3.0
2060,3.0
2061,4.0
2062,4.0
2063,3.0
2064,3.0
2065,4.0
2066,2.0
2067,3.0
2068,3.0
2069,3.0
2070,4.0
2071,1.0
2072,3.0
2073,3.0
2074,2.0
2075,3.0
2076,2.0
2077,2.0
2078,3.0
2079,4.0
2080,3.0
2081,3.0
2082,3.0
2083,3.0
2084,3.0
2085,3.0
2086,3.0
2087,3.0
2088,2.0
2089,3.0
2090,1.0
2091,3.0
2092,3.0
2093,2.0
2094,3.0
2095,2.0
2096,3.0
2097,3.0
2098,3.0
2099,2.0
2100,2.0
2101,3.0
2102,2.0
2103,3.0
2104,3.0
2105,3.0
2106,3.0
2107,3.0
2108,4.0
2109,3.0
2110,3.0
2111,3.0
2112,2.0
2113,3.0
2114,3.0
2115,4.0
2116,3.0
2117,3.0
2118,2.0
2119,2.0
2120,2.0
2121,2.0
2122,3.0
2123,4.0
2124,2.0
2125,2.0
2126,3.0
2127,3.0
2128,3.0
2129,2.0
2130,2.0
2131,3.0
2132,3.0
2133,2.0
2134,3.0
2135,4.0
2136,4.0
2137,2.0
2138,2.0
2139,3.0
2140,3.0
2141,3.0
2142,3.0
2143,3.0
2144,3.0
2145,2.0
2146,3.0
2147,1.0
2148,2.0
2149,3.0
2150,4.0
2151,3.0
2152,3.0
2153,3.0
2154,3.0
2155,3.0
2156,2.0
2157,3.0
2158,2.0
2159,4.0
2160,4.0
2161,3.0
2162,2.0
2163,1.0
2164,3.0
2165,3.0
2166,3.0
2167,3.0
2168,4.0
2169,1.0
2170,1.0
2171,3.0
2172,3.0
2173,4.0
2174,3.0
2175,2.0
2176,2.0
2177,3.0
2178,3.0
2179,3.0
2180,1.0
2181,3.0
2182,3.0
2183,4.0
2184,3.0
2185,4.0
2186,3.0
2187,3.0
2188,3.0
2189,3.0
2190,3.0
2191,2.0
2192,3.0
2193,2.0
2194,3.0
2195,4.0
2196,4.0
2197,3.0
2198,3.0
2199,3.0
2200,2.0
2201,3.0
2202,3.0
2203,3.0
2204,4.0
2205,3.0
2206,3.0
2207,3.0
2208,4.0
2209,2.0
2210,3.0
2211,3.0
2212,5.0
2213,4.0
2214,3.0
2215,2.0
2216,1.0
2217,2.0
2218,3.0
2219,4.0
2220,2.0
2221,3.0
2222,4.0
2223,3.0
2224,2.0
2225,2.0
2226,3.0
2227,2.0
2228,3.0
2229,3.0
2230,2.0
2231,3.0
2232,4.0
2233,2.0
2234,2.0
2235,3.0
2236,3.0
2237,2.0
2238,1.0
2239,3.0
2240,2.0
2241,3.0
2242,3.0
2243,3.0
2244,3.0
2245,3.0
2246,2.0
2247,2.0
2248,2.0
2249,2.0
2250,3.0
2251,3.0
2252,3.0
2253,3.0
2254,2.0
2255,3.0
2256,2.0
2257,3.0
2258,1.0
2259,3.0
2260,3.0
2261,3.0
2262,3.0
2263,3.0
2264,4.0
2265,2.0
2266,2.0
2267,2.0
2268,3.0
2269,2.0
2270,3.0
2271,3.0
2272,3.0
2273,3.0
2274,4.0
2275,3.0
2276,2.0
2277,2.0
2278,3.0
2279,1.0
2280,3.0
2281,3.0
2282,1.0
2283,2.0
2284,2.0
2285,2.0
2286,3.0
2287,2.0
2288,3.0
2289,2.0
2290,3.0
2291,2.0
2292,2.0
2293,3.0
2294,3.0
2295,3.0
2296,3.0
2297,3.0
2298,4.0
2299,2.0
2300,2.0
2301,3.0
2302,4.0
2303,2.0
2304,2.0
2305,2.0
2306,4.0
2307,3.0
2308,4.0
2309,3.0
2310,3.0
2311,2.0
2312,3.0
2313,3.0
2314,3.0
2315,3.0
2316,3.0
2317,3.0
2318,2.0
2319,3.0
2320,3.0
2321,2.0
2322,2.0
2323,4.0
2324,1.0
2325,3.0
2326,2.0
2327,3.0
2328,1.0
2329,3.0
2330,3.0
2331,3.0
2332,4.0
2333,2.0
2334,4.0
2335,2.0
2336,2.0
2337,3.0
2338,4.0
2339,3.0
2340,4.0
2341,4.0
2342,4.0
2343,3.0
2344,2.0
2345,3.0
2346,2.0
2347,3.0
2348,4.0
2349,4.0
2350,4.0
2351,3.0
2352,3.0
2353,3.0
2354,3.0
2355,2.0
2356,3.0
2357,3.0
2358,3.0
2359,3.0
2360,4.0
2361,5.0
2362,2.0
2363,2.0
2364,2.0
2365,5.0
2366,3.0
2367,2.0
2368,3.0
2369,2.0
2370,3.0
2371,3.0
2372,3.0
2373,3.0
2374,2.0
2375,4.0
2376,3.0
2377,2.0
2378,4.0
2379,3.0
2380,4.0
2381,3.0
2382,1.0
2383,1.0
2384,2.0
2385,3.0
2386,1.0
2387,3.0
2388,3.0
2389,3.0
2390,3.0
2391,2.0
2392,3.0
2393,1.0
2394,3.0
2395,1.0
2396,1.0
2397,3.0
2398,4.0
2399,3.0
2400,3.0
2401,3.0
2402,2.0
2403,3.0
2404,3.0
2405,3.0
2406,2.0
2407,1.0
2408,3.0
2409,3.0
2410,2.0
2411,3.0
2412,2.0
2413,3.0
2414,3.0
2415,2.0
2416,2.0
2417,3.0
2418,1.0
2419,2.0
2420,2.0
2421,2.0
2422,3.0
2423,3.0
2424,4.0
2425,3.0
2426,3.0
2427,3.0
2428,4.0
2429,3.0
2430,3.0
2431,2.0
2432,4.0
2433,3.0
2434,2.0
2435,3.0
2436,2.0
2437,4.0
2438,4.0
2439,4.0
2440,2.0
2441,2.0
2442,2.0
2443,3.0
2444,3.0
2445,3.0
2446,3.0
2447,3.0
2448,3.0
2449,1.0
2450,3.0
2451,4.0
2452,4.0
2453,4.0
2454,2.0
2455,3.0
2456,2.0
2457,3.0
2458,3.0
2459,3.0
2460,2.0
2461,3.0
2462,3.0
2463,4.0
2464,4.0
2465,3.0
2466,4.0
2467,2.0
2468,2.0
2469,1.0
2470,3.0
2471,4.0
2472,3.0
2473,2.0
2474,2.0
2475,3.0
2476,3.0
2477,4.0
2478,2.0
2479,2.0
2480,4.0
2481,3.0
2482,3.0
2483,3.0
2484,3.0
2485,2.0
2486,2.0
2487,2.0
2488,5.0
2489,2.0
2490,3.0
2491,1.0
2492,3.0
2493,3.0
2494,3.0
2495,4.0
2496,4.0
2497,1.0
2498,2.0
2499,1.0
2500,4.0
2501,3.0
2502,3.0
2503,2.0
2504,3.0
2505,3.0
2506,3.0
2507,2.0
2508,3.0
2509,4.0
2510,2.0
2511,2.0
2512,4.0
2513,3.0
2514,4.0
2515,1.0
2516,3.0
2517,1.0
2518,3.0
2519,3.0
2520,3.0
2521,1.0
2522,3.0
2523,2.0
2524,3.0
2525,3.0
2526,2.0
2527,2.0
2528,3.0
2529,3.0
2530,3.0
2531,2.0
2532,3.0
2533,2.0
2534,4.0
2535,3.0
2536,3.0
2537,3.0
2538,3.0
2539,4.0
2540,2.0
2541,3.0
2542,3.0
2543,3.0
2544,2.0
2545,3.0
2546,4.0
2547,3.0
2548,1.0
2549,1.0
2550,2.0
2551,1.0
2552,4.0
2553,3.0
2554,4.0
2555,3.0
2556,3.0
2557,3.0
2558,3.0
2559,3.0
2560,5.0
2561,4.0
2562,4.0
2563,2.0
2564,3.0
2565,2.0
2566,3.0
2567,2.0
2568,4.0
2569,3.0
2570,2.0
2571,3.0
2572,3.0
2573,3.0
2574,2.0
2575,3.0
2576,2.0
2577,3.0
2578,2.0
2579,5.0
2580,3.0
2581,3.0
2582,3.0
2583,1.0
2584,2.0
2585,3.0
2586,3.0
2587,3.0
2588,5.0
2589,3.0
2590,3.0
2591,4.0
2592,3.0
2593,2.0
2594,3.0
2595,2.0
2596,3.0
2597,2.0
2598,4.0
2599,5.0
2600,3.0
2601,3.0
2602,4.0
2603,3.0
2604,3.0
2605,4.0
2606,4.0
2607,3.0
2608,3.0
2609,5.0
2610,2.0
2611,3.0
2612,3.0
2613,3.0
2614,2.0
2615,3.0
2616,3.0
2617,4.0
2618,1.0
2619,3.0
2620,3.0
2621,2.0
2622,3.0
2623,2.0
2624,4.0
2625,3.0
2626,2.0
2627,2.0
2628,4.0
2629,3.0
2630,3.0
2631,3.0
2632,4.0
2633,3.0
2634,2.0
2635,1.0
2636,2.0
2637,2.0
2638,3.0
2639,4.0
2640,3.0
2641,2.0
2642,2.0
2643,4.0
2644,2.0
2645,1.0
2646,2.0
2647,3.0
2648,2.0
2649,3.0
2650,3.0
2651,3.0
2652,5.0
2653,3.0
2654,3.0
2655,2.0
2656,4.0
2657,3.0
2658,3.0
2659,3.0
2660,3.0
2661,5.0
2662,3.0
2663,1.0
2664,2.0
2665,2.0
2666,2.0
2667,4.0
2668,3.0
2669,3.0
2670,2.0
2671,2.0
2672,3.0
2673,1.0
2674,4.0
2675,4.0
2676,2.0
2677,4.0
2678,2.0
2679,3.0
2680,4.0
2681,3.0
2682,4.0
2683,2.0
2684,2.0
2685,3.0
2686,3.0
2687,2.0
2688,3.0
2689,2.0
2690,3.0
2691,3.0
2692,3.0
2693,4.0
2694,5.0
2695,3.0
2696,2.0
2697,2.0
2698,2.0
2699,3.0
2700,3.0
2701,2.0
2702,3.0
2703,3.0
2704,3.0
2705,4.0
2706,3.0
2707,2.0
2708,1.0
2709,2.0
2710,2.0
2711,3.0
2712,4.0
2713,3.0
2714,4.0
2715,2.0
2716,4.0
2717,3.0
2718,3.0
2719,2.0
2720,2.0
2721,4.0
2722,4.0
2723,3.0
2724,4.0
2725,3.0
2726,4.0
2727,2.0
2728,2.0
2729,2.0
2730,2.0
2731,2.0
2732,3.0
2733,2.0
2734,4.0
2735,2.0
2736,4.0
2737,1.0
2738,3.0
2739,2.0
2740,3.0
2741,1.0
2742,3.0
2743,3.0
2744,1.0
2745,4.0
2746,4.0
2747,3.0
2748,3.0
2749,3.0
2750,3.0
2751,5.0
2752,3.0
2753,4.0
2754,3.0
2755,1.0
2756,3.0
2757,1.0
2758,4.0
2759,5.0
2760,3.0
2761,3.0
2762,4.0
2763,3.0
2764,1.0
2765,3.0
2766,2.0
2767,3.0
2768,3.0
2769,3.0
2770,4.0
2771,1.0
2772,3.0
2773,2.0
2774,3.0
2775,3.0
2776,3.0
2777,3.0
2778,3.0
2779,2.0
2780,3.0
2781,3.0
2782,4.0
2783,2.0
2784,3.0
2785,3.0
2786,3.0
2787,4.0
2788,3.0
2789,3.0
2790,4.0
2791,3.0
2792,4.0
2793,3.0
2794,4.0
2795,3.0
2796,4.0
2797,2.0
2798,3.0
2799,3.0
2800,3.0
2801,3.0
2802,4.0
2803,2.0
2804,2.0
2805,4.0
2806,4.0
2807,2.0
2808,2.0
2809,5.0
2810,1.0
2811,1.0
2812,3.0
2813,4.0
2814,3.0
2815,2.0
2816,3.0
2817,4.0
2818,4.0
2819,4.0
2820,4.0
2821,3.0
2822,3.0
2823,3.0
2824,3.0
2825,4.0
2826,3.0
2827,2.0
2828,3.0
2829,3.0
2830,4.0
2831,3.0
2832,2.0
2833,3.0
2834,3.0
2835,3.0
2836,3.0
2837,3.0
2838,5.0
2839,4.0
2840,2.0
2841,2.0
2842,3.0
2843,4.0
2844,1.0
2845,3.0
2846,3.0
2847,4.0
2848,2.0
2849,3.0
2850,4.0
2851,3.0
2852,1.0
2853,3.0
2854,2.0
2855,3.0
2856,4.0
2857,2.0
2858,4.0
2859,4.0
2860,4.0
2861,2.0
2862,2.0
2863,3.0
2864,3.0
2865,4.0
2866,3.0
2867,3.0
2868,2.0
2869,4.0
2870,3.0
2871,4.0
2872,3.0
2873,2.0
2874,2.0
2875,2.0
2876,3.0
2877,3.0
2878,4.0
2879,2.0
2880,3.0
2881,3.0
2882,3.0
2883,2.0
2884,4.0
2885,3.0
2886,3.0
2887,2.0
2888,2.0
2889,4.0
2890,4.0
2891,4.0
2892,3.0
2893,3.0
2894,3.0
2895,2.0
2896,2.0
2897,2.0
2898,2.0
2899,2.0
2900,1.0
2901,3.0
2902,3.0
2903,2.0
2904,3.0
2905,4.0
2906,3.0
2907,4.0
2908,2.0
2909,3.0
2910,3.0
2911,4.0
2912,1.0
2913,2.0
2914,3.0
2915,5.0
2916,4.0
2917,3.0
2918,2.0
2919,3.0
2920,4.0
2921,3.0
2922,2.0
2923,3.0
2924,4.0
2925,3.0
2926,4.0
2927,2.0
2928,2.0
2929,2.0
2930,4.0
2931,2.0
2932,2.0
2933,3.0
2934,3.0
2935,3.0
2936,3.0
2937,3.0
2938,4.0
2939,4.0
2940,3.0
2941,2.0
2942,2.0
2943,4.0
2944,2.0
2945,5.0
2946,2.0
2947,3.0
2948,4.0
2949,3.0
2950,2.0
2951,3.0
2952,5.0
2953,1.0
2954,3.0
2955,3.0
2956,1.0
2957,4.0
2958,4.0
2959,3.0
2960,4.0
2961,3.0
2962,3.0
2963,3.0
2964,2.0
2965,3.0
2966,2.0
2967,4.0
2968,3.0
2969,3.0
2970,3.0
2971,2.0
2972,4.0
2973,4.0
2974,3.0
2975,2.0
2976,2.0
2977,3.0
2978,3.0
2979,2.0
2980,4.0
2981,2.0
2982,4.0
2983,2.0
2984,4.0
2985,4.0
2986,2.0
2987,2.0
2988,3.0
2989,2.0
2990,2.0
2991,3.0
2992,4.0
2993,3.0
2994,2.0
2995,3.0
2996,3.0
2997,4.0
2998,2.0
2999,3.0
3000,3.0
3001,4.0
3002,2.0
3003,3.0
3004,3.0
3005,5.0
3006,3.0
3007,4.0
3008,4.0
3009,3.0
3010,2.0
3011,3.0
3012,3.0
3013,4.0
3014,3.0
3015,5.0
3016,1.0
3017,4.0
3018,3.0
3019,3.0
3020,2.0
3021,3.0
3022,4.0
3023,2.0
3024,3.0
3025,3.0
3026,4.0
3027,2.0
3028,3.0
3029,2.0
3030,3.0
3031,3.0
3032,3.0
3033,2.0
3034,2.0
3035,2.0
3036,3.0
3037,3.0
3038,4.0
3039,3.0
3040,4.0
3041,3.0
3042,4.0
3043,5.0
3044,2.0
3045,2.0
3046,4.0
3047,2.0
3048,3.0
3049,3.0
3050,3.0
3051,3.0
3052,2.0
3053,4.0
3054,2.0
3055,4.0
3056,3.0
3057,1.0
3058,3.0
3059,4.0
3060,4.0
3061,2.0
3062,3.0
3063,3.0
3064,4.0
3065,2.0
3066,4.0
3067,3.0
3068,4.0
3069,3.0
3070,2.0
3071,3.0
3072,3.0
3073,1.0
3074,2.0
3075,3.0
3076,3.0
3077,3.0
3078,1.0
3079,4.0
3080,3.0
3081,1.0
3082,2.0
3083,3.0
3084,3.0
3085,3.0
3086,4.0
3087,4.0
3088,2.0
3089,4.0
3090,3.0
3091,2.0
3092,3.0
3093,2.0
3094,3.0
3095,4.0
3096,4.0
3097,2.0
3098,2.0
3099,4.0
3100,1.0
3101,3.0
3102,3.0
3103,2.0
3104,3.0
3105,3.0
3106,2.0
3107,2.0
3108,2.0
3109,3.0
3110,3.0
3111,3.0
3112,3.0
3113,3.0
3114,4.0
3115,3.0
3116,4.0
3117,2.0
3118,3.0
3119,3.0
3120,4.0
3121,3.0
3122,3.0
3123,3.0
3124,2.0
3125,2.0
3126,2.0
3127,3.0
3128,2.0
3129,2.0
3130,3.0
3131,4.0
3132,1.0
3133,3.0
3134,3.0
3135,4.0
3136,3.0
3137,2.0
3138,3.0
3139,2.0
3140,3.0
3141,3.0
3142,3.0
3143,4.0
3144,2.0
3145,3.0
3146,3.0
3147,2.0
3148,3.0
3149,3.0
3150,2.0
3151,4.0
3152,3.0
3153,3.0
3154,3.0
3155,3.0
3156,4.0
3157,2.0
3158,3.0
3159,2.0
3160,4.0
3161,1.0
3162,4.0
3163,2.0
3164,4.0
3165,4.0
3166,3.0
3167,3.0
3168,2.0
3169,2.0
3170,4.0
3171,4.0
3172,4.0
3173,2.0
3174,2.0
3175,1.0
3176,4.0
3177,2.0
3178,3.0
3179,3.0
3180,2.0
3181,2.0
3182,3.0
3183,3.0
3184,2.0
3185,3.0
3186,4.0
3187,4.0
3188,3.0
3189,5.0
3190,4.0
3191,1.0
3192,3.0
3193,3.0
3194,3.0
3195,3.0
3196,3.0
3197,3.0
3198,3.0
3199,2.0
3200,4.0
3201,4.0
3202,3.0
3203,3.0
3204,2.0
3205,4.0
3206,1.0
3207,5.0
3208,4.0
3209,2.0
3210,3.0
3211,2.0
3212,3.0
3213,3.0
3214,3.0
3215,4.0
3216,4.0
3217,3.0
3218,2.0
3219,3.0
3220,2.0
3221,2.0
3222,4.0
3223,3.0
3224,3.0
3225,4.0
3226,2.0
3227,3.0
3228,5.0
3229,5.0
3230,3.0
3231,2.0
3232,5.0
3233,3.0
3234,3.0
3235,3.0
3236,3.0
3237,3.0
3238,2.0
3239,2.0
3240,2.0
3241,2.0
3242,2.0
3243,3.0
3244,1.0
3245,4.0
3246,2.0
3247,3.0
3248,4.0
3249,3.0
3250,3.0
3251,3.0
3252,2.0
3253,3.0
3254,4.0
3255,2.0
3256,3.0
3257,3.0
3258,2.0
3259,3.0
3260,4.0
3261,3.0
3262,4.0
3263,3.0
3264,3.0
3265,3.0
3266,4.0
3267,4.0
3268,4.0
3269,5.0
3270,2.0
3271,5.0
3272,2.0
3273,3.0
3274,4.0
3275,4.0
3276,3.0
3277,3.0
3278,3.0
3279,2.0
3280,3.0
3281,2.0
3282,4.0
3283,5.0
3284,4.0
3285,2.0
3286,4.0
3287,3.0
3288,2.0
3289,3.0
3290,4.0
3291,2.0
3292,2.0
3293,4.0
3294,4.0
3295,4.0
3296,4.0
3297,3.0
3298,4.0
3299,3.0
3300,2.0
3301,3.0
3302,4.0
3303,3.0
3304,2.0
3305,3.0
3306,2.0
3307,2.0
3308,1.0
3309,1.0
3310,2.0
3311,4.0
3312,1.0
3313,3.0
3314,4.0
3315,3.0
3316,2.0
3317,4.0
3318,2.0
3319,4.0
3320,4.0
3321,4.0
3322,2.0
3323,4.0
3324,2.0
3325,4.0
3326,3.0
3327,4.0
3328,2.0
3329,3.0
3330,3.0
3331,3.0
3332,3.0
3333,3.0
3334,4.0
3335,2.0
3336,3.0
3337,2.0
3338,4.0
3339,3.0
3340,3.0
3341,3.0
3342,3.0
3343,2.0
3344,2.0
3345,3.0
3346,4.0
3347,3.0
3348,2.0
3349,3.0
3350,3.0
3351,3.0
3352,4.0
3353,3.0
3354,3.0
3355,2.0
3356,1.0
3357,3.0
3358,3.0
3359,2.0
3360,3.0
3361,3.0
3362,1.0
3363,2.0
3364,4.0
3365,2.0
3366,1.0
3367,3.0
3368,3.0
3369,3.0
3370,2.0
3371,3.0
3372,2.0
3373,4.0
3374,3.0
3375,3.0
3376,2.0
3377,4.0
3378,3.0
3379,3.0
3380,2.0
3381,2.0
3382,3.0
3383,3.0
3384,3.0
3385,2.0
3386,3.0
3387,3.0
3388,4.0
3389,3.0
3390,4.0
3391,2.0
3392,1.0
3393,4.0
3394,2.0
3395,3.0
3396,2.0
3397,3.0
3398,4.0
3399,3.0
3400,3.0
3401,2.0
3402,2.0
3403,2.0
3404,2.0
3405,4.0
3406,4.0
3407,3.0
3408,2.0
3409,3.0
3410,4.0
3411,3.0
3412,2.0
3413,2.0
3414,3.0
3415,3.0
3416,3.0
3417,4.0
3418,3.0
3419,3.0
3420,2.0
3421,3.0
3422,2.0
3423,2.0
3424,4.0
3425,3.0
3426,4.0
3427,3.0
3428,3.0
3429,3.0
3430,3.0
3431,5.0
3432,4.0
3433,3.0
3434,3.0
3435,2.0
3436,4.0
3437,4.0
3438,3.0
3439,3.0
3440,3.0
3441,2.0
3442,3.0
3443,2.0
3444,3.0
3445,4.0
3446,2.0
3447,1.0
3448,4.0
3449,3.0
3450,3.0
3451,4.0
3452,3.0
3453,1.0
3454,3.0
3455,2.0
3456,3.0
3457,3.0
3458,4.0
3459,4.0
3460,3.0
3461,2.0
3462,4.0
3463,3.0
3464,2.0
3465,2.0
3466,3.0
3467,4.0
3468,2.0
3469,2.0
3470,2.0
3471,4.0
3472,2.0
3473,2.0
3474,3.0
3475,3.0
3476,2.0
3477,2.0
3478,4.0
3479,3.0
3480,3.0
3481,4.0
3482,3.0
3483,1.0
3484,3.0
3485,3.0
3486,3.0
3487,4.0
3488,4.0
3489,2.0
3490,3.0
3491,4.0
3492,4.0
3493,4.0
3494,4.0
3495,2.0
3496,2.0
3497,3.0
3498,3.0
3499,1.0
3500,2.0
3501,3.0
3502,3.0
3503,4.0
3504,2.0
3505,3.0
3506,4.0
3507,3.0
3508,2.0
3509,4.0
3510,3.0
3511,3.0
3512,3.0
3513,4.0
3514,4.0
3515,3.0
3516,4.0
3517,4.0
3518,3.0
3519,2.0
3520,3.0
3521,2.0
3522,3.0
3523,3.0
3524,2.0
3525,4.0
3526,1.0
3527,5.0
3528,3.0
3529,2.0
3530,3.0
3531,3.0
3532,3.0
3533,3.0
3534,2.0
3535,3.0
3536,3.0
3537,3.0
3538,1.0
3539,2.0
3540,3.0
3541,3.0
3542,3.0
3543,1.0
3544,2.0
3545,4.0
3546,2.0
3547,3.0
3548,3.0
3549,3.0
3550,3.0
3551,5.0
3552,3.0
3553,3.0
3554,2.0
3555,2.0
3556,2.0
3557,3.0
3558,1.0
3559,3.0
3560,3.0
3561,2.0
3562,3.0
3563,4.0
3564,4.0
3565,3.0
3566,5.0
3567,1.0
3568,2.0
3569,1.0
3570,2.0
3571,3.0
3572,4.0
3573,3.0
3574,4.0
3575,4.0
3576,3.0
3577,2.0
3578,3.0
3579,2.0
3580,3.0
3581,4.0
3582,3.0
3583,3.0
3584,1.0
3585,2.0
3586,2.0
3587,4.0
3588,3.0
3589,2.0
3590,4.0
3591,2.0
3592,4.0
3593,4.0
3594,3.0
3595,2.0
3596,2.0
3597,3.0
3598,2.0
3599,3.0
3600,3.0
3601,4.0
3602,2.0
3603,1.0
3604,3.0
3605,5.0
3606,3.0
3607,2.0
3608,3.0
3609,2.0
3610,1.0
3611,3.0
3612,3.0
3613,3.0
3614,2.0
3615,2.0
3616,1.0
3617,2.0
3618,3.0
3619,2.0
3620,3.0
3621,3.0
3622,2.0
3623,3.0
3624,2.0
3625,3.0
3626,2.0
3627,3.0
3628,3.0
3629,3.0
3630,4.0
3631,3.0
3632,3.0
3633,3.0
3634,4.0
3635,4.0
3636,3.0
3637,2.0
3638,2.0
3639,4.0
3640,3.0
3641,4.0
3642,2.0
3643,2.0
3644,3.0
3645,3.0
3646,3.0
3647,1.0
3648,2.0
3649,3.0
3650,2.0
3651,1.0
3652,1.0
3653,3.0
3654,4.0
3655,3.0
3656,2.0
3657,3.0
3658,3.0
3659,1.0
3660,4.0
3661,3.0
3662,3.0
3663,2.0
3664,3.0
3665,3.0
3666,3.0
3667,3.0
3668,3.0
3669,3.0
3670,2.0
3671,3.0
3672,2.0
3673,3.0
3674,2.0
3675,3.0
3676,3.0
3677,3.0
3678,2.0
3679,3.0
3680,3.0
3681,3.0
3682,3.0
3683,3.0
3684,3.0
3685,4.0
3686,2.0
3687,2.0
3688,3.0
3689,3.0
3690,3.0
3691,2.0
3692,2.0
3693,3.0
3694,4.0
3695,1.0
3696,2.0
3697,3.0
3698,3.0
3699,2.0
3700,3.0
3701,3.0
3702,5.0
3703,3.0
3704,2.0
3705,2.0
3706,3.0
3707,3.0
3708,3.0
3709,3.0
3710,3.0
3711,3.0
3712,5.0
3713,3.0
3714,3.0
3715,3.0
3716,3.0
3717,3.0
3718,3.0
3719,3.0
3720,3.0
3721,3.0
3722,3.0
3723,3.0
3724,3.0
3725,5.0
3726,2.0
3727,4.0
3728,2.0
3729,2.0
3730,4.0
3731,2.0
3732,2.0
3733,3.0
3734,3.0
3735,2.0
3736,3.0
3737,4.0
3738,4.0
3739,2.0
3740,2.0
3741,4.0
3742,2.0
3743,3.0
3744,4.0
3745,2.0
3746,3.0
3747,4.0
3748,3.0
3749,3.0
3750,3.0
3751,4.0
3752,3.0
3753,3.0
3754,4.0
3755,1.0
3756,4.0
3757,2.0
3758,2.0
3759,3.0
3760,2.0
3761,3.0
3762,3.0
3763,2.0
3764,3.0
3765,2.0
3766,3.0
3767,4.0
3768,2.0
3769,2.0
3770,4.0
3771,3.0
3772,4.0
3773,3.0
3774,4.0
3775,2.0
3776,3.0
3777,3.0
3778,3.0
3779,3.0
3780,2.0
3781,3.0
3782,3.0
3783,4.0
3784,2.0
3785,2.0
3786,5.0
3787,2.0
3788,2.0
3789,2.0
3790,4.0
3791,4.0
3792,2.0
3793,3.0
3794,3.0
3795,2.0
3796,2.0
3797,4.0
3798,3.0
3799,3.0
3800,4.0
3801,2.0
3802,2.0
3803,4.0
3804,4.0
3805,4.0
3806,4.0
3807,2.0
3808,2.0
3809,1.0
3810,3.0
3811,3.0
3812,3.0
3813,2.0
3814,3.0
3815,3.0
3816,4.0
3817,3.0
3818,1.0
3819,2.0
3820,3.0
3821,3.0
3822,3.0
3823,2.0
3824,5.0
3825,2.0
3826,3.0
3827,2.0
3828,3.0
3829,1.0
3830,3.0
3831,3.0
3832,4.0
3833,4.0
3834,2.0
3835,3.0
3836,3.0
3837,2.0
3838,2.0
3839,3.0
3840,3.0
3841,3.0
3842,2.0
3843,2.0
3844,2.0
3845,4.0
3846,2.0
3847,3.0
3848,3.0
3849,2.0
3850,2.0
3851,4.0
3852,3.0
3853,3.0
3854,3.0
3855,3.0
3856,4.0
3857,3.0
3858,3.0
3859,2.0
3860,2.0
3861,4.0
3862,4.0
3863,2.0
3864,3.0
3865,2.0
3866,2.0
3867,2.0
3868,2.0
3869,4.0
3870,3.0
3871,4.0
3872,3.0
3873,2.0
3874,2.0
3875,3.0
3876,3.0
3877,4.0
3878,4.0
3879,2.0
3880,4.0
3881,3.0
3882,3.0
3883,4.0
3884,3.0
3885,2.0
3886,3.0
3887,2.0
3888,4.0
3889,3.0
3890,3.0
3891,2.0
3892,3.0
3893,2.0
3894,2.0
3895,2.0
3896,3.0
3897,2.0
3898,4.0
3899,3.0
3900,4.0
3901,4.0
3902,4.0
3903,4.0
3904,5.0
3905,2.0
3906,3.0
3907,3.0
3908,3.0
3909,2.0
3910,3.0
3911,3.0
3912,4.0
3913,2.0
3914,3.0
3915,3.0
3916,2.0
3917,2.0
3918,2.0
3919,2.0
3920,3.0
3921,3.0
3922,3.0
3923,3.0
3924,3.0
3925,4.0
3926,3.0
3927,3.0
3928,4.0
3929,2.0
3930,2.0
3931,3.0
3932,3.0
3933,4.0
3934,3.0
3935,2.0
3936,4.0
3937,2.0
3938,3.0
3939,3.0
3940,3.0
3941,2.0
3942,3.0
3943,2.0
3944,4.0
3945,4.0
3946,3.0
3947,3.0
3948,3.0
3949,4.0
3950,3.0
3951,4.0
3952,2.0
3953,5.0
3954,2.0
3955,4.0
3956,2.0
3957,2.0
3958,3.0
3959,2.0
3960,3.0
3961,3.0
3962,3.0
3963,3.0
3964,4.0
3965,3.0
3966,4.0
3967,2.0
3968,4.0
3969,2.0
3970,3.0
3971,4.0
3972,3.0
3973,3.0
3974,3.0
3975,4.0
3976,3.0
3977,3.0
3978,3.0
3979,3.0
3980,2.0
3981,2.0
3982,3.0
3983,1.0
3984,3.0
3985,2.0
3986,3.0
3987,1.0
3988,3.0
3989,1.0
3990,2.0
3991,3.0
3992,1.0
3993,4.0
3994,2.0
3995,4.0
3996,4.0
3997,4.0
3998,1.0
3999,3.0
4000,3.0
4001,2.0
4002,4.0
4003,3.0
4004,3.0
4005,3.0
4006,4.0
4007,2.0
4008,2.0
4009,3.0
4010,3.0
4011,3.0
4012,3.0
4013,3.0
4014,3.0
4015,4.0
4016,3.0
4017,4.0
4018,3.0
4019,3.0
4020,2.0
4021,2.0
4022,3.0
4023,3.0
4024,4.0
4025,3.0
4026,2.0
4027,1.0
4028,3.0
4029,1.0
4030,3.0
4031,3.0
4032,2.0
4033,3.0
4034,2.0
4035,2.0
4036,3.0
4037,2.0
4038,1.0
4039,3.0
4040,2.0
4041,4.0
4042,2.0
4043,3.0
4044,3.0
4045,3.0
4046,1.0
4047,3.0
4048,3.0
4049,2.0
4050,2.0
4051,3.0
4052,3.0
4053,4.0
4054,3.0
4055,3.0
4056,3.0
4057,3.0
4058,3.0
4059,3.0
4060,4.0
4061,3.0
4062,4.0
4063,3.0
4064,2.0
4065,3.0
4066,3.0
4067,4.0
4068,4.0
4069,4.0
4070,5.0
4071,3.0
4072,4.0
4073,2.0
4074,3.0
4075,4.0
4076,3.0
4077,4.0
4078,3.0
4079,3.0
4080,4.0
4081,3.0
4082,3.0
4083,3.0
4084,2.0
4085,2.0
4086,4.0
4087,3.0
4088,3.0
4089,2.0
4090,1.0
4091,4.0
4092,2.0
4093,3.0
4094,2.0
4095,2.0
4096,4.0
4097,3.0
4098,2.0
4099,2.0
4100,2.0
4101,3.0
4102,3.0
4103,3.0
4104,3.0
4105,1.0
4106,4.0
4107,3.0
4108,3.0
4109,4.0
4110,3.0
4111,3.0
4112,2.0
4113,3.0
4114,2.0
4115,2.0
4116,4.0
4117,3.0
4118,3.0
4119,3.0
4120,4.0
4121,3.0
4122,3.0
4123,2.0
4124,3.0
4125,3.0
4126,3.0
4127,4.0
4128,3.0
4129,2.0
4130,2.0
4131,3.0
4132,3.0
4133,2.0
4134,2.0
4135,3.0
4136,2.0
4137,2.0
4138,2.0
4139,3.0
4140,4.0
4141,2.0
4142,4.0
4143,2.0
4144,4.0
4145,3.0
4146,3.0
4147,3.0
4148,2.0
4149,4.0
4150,3.0
4151,3.0
4152,3.0
4153,3.0
4154,2.0
4155,4.0
4156,1.0
4157,3.0
4158,3.0
4159,3.0
4160,4.0
4161,3.0
4162,3.0
4163,3.0
4164,4.0
4165,3.0
4166,4.0
4167,2.0
4168,2.0
4169,4.0
4170,4.0
4171,2.0
4172,3.0
4173,3.0
4174,4.0
4175,2.0
4176,2.0
4177,4.0
4178,3.0
4179,2.0
4180,3.0
4181,3.0
4182,2.0
4183,4.0
4184,3.0
4185,4.0
4186,3.0
4187,3.0
4188,3.0
4189,4.0
4190,5.0
4191,3.0
4192,3.0
4193,2.0
4194,3.0
4195,5.0
4196,3.0
4197,3.0
4198,3.0
4199,3.0
4200,4.0
4201,2.0
4202,2.0
4203,3.0
4204,3.0
4205,3.0
4206,5.0
4207,3.0
4208,2.0
4209,3.0
4210,1.0
4211,3.0
4212,3.0
4213,1.0
4214,3.0
4215,3.0
4216,4.0
4217,2.0
4218,1.0
4219,2.0
4220,2.0
4221,4.0
4222,1.0
4223,2.0
4224,3.0
4225,3.0
4226,3.0
4227,2.0
4228,3.0
4229,2.0
4230,3.0
4231,2.0
4232,4.0
4233,3.0
4234,3.0
4235,2.0
4236,4.0
4237,2.0
4238,2.0
4239,3.0
4240,4.0
4241,2.0
4242,2.0
4243,3.0
4244,2.0
4245,4.0
4246,2.0
4247,2.0
4248,3.0
4249,1.0
4250,3.0
4251,3.0
4252,3.0
4253,3.0
4254,2.0
4255,3.0
4256,4.0
4257,2.0
4258,3.0
4259,3.0
4260,3.0
4261,4.0
4262,3.0
4263,2.0
4264,2.0
4265,2.0
4266,2.0
4267,2.0
4268,4.0
4269,3.0
4270,3.0
4271,2.0
4272,1.0
4273,3.0
4274,3.0
4275,2.0
4276,2.0
4277,3.0
4278,2.0
4279,3.0
4280,2.0
4281,4.0
4282,4.0
4283,2.0
4284,3.0
4285,3.0
4286,2.0
4287,4.0
4288,2.0
4289,3.0
4290,3.0
4291,1.0
4292,3.0
4293,4.0
4294,3.0
4295,3.0
4296,5.0
4297,2.0
4298,3.0
4299,1.0
4300,3.0
4301,3.0
4302,2.0
4303,2.0
4304,3.0
4305,4.0
4306,2.0
4307,2.0
4308,3.0
4309,4.0
4310,3.0
4311,5.0
4312,5.0
4313,5.0
4314,3.0
4315,3.0
4316,3.0
4317,2.0
4318,2.0
4319,4.0
4320,4.0
4321,2.0
4322,3.0
4323,2.0
4324,3.0
4325,4.0
4326,5.0
4327,3.0
4328,3.0
4329,3.0
4330,4.0
4331,5.0
4332,3.0
4333,3.0
4334,2.0
4335,3.0
4336,3.0
4337,3.0
4338,3.0
4339,3.0
4340,2.0
4341,2.0
4342,3.0
4343,3.0
4344,2.0
4345,3.0
4346,4.0
4347,3.0
4348,4.0
4349,2.0
4350,3.0
4351,3.0
4352,3.0
4353,2.0
4354,3.0
4355,2.0
4356,2.0
4357,3.0
4358,3.0
4359,2.0
4360,2.0
4361,2.0
4362,3.0
4363,3.0
4364,3.0
4365,3.0
4366,4.0
4367,2.0
4368,3.0
4369,3.0
4370,3.0
4371,4.0
4372,3.0
4373,2.0
4374,3.0
4375,4.0
4376,2.0
4377,3.0
4378,3.0
4379,3.0
4380,2.0
4381,4.0
4382,3.0
4383,4.0
4384,2.0
4385,2.0
4386,3.0
4387,2.0
4388,4.0
4389,3.0
4390,4.0
4391,3.0
4392,3.0
4393,4.0
4394,3.0
4395,3.0
4396,3.0
4397,3.0
4398,3.0
4399,2.0
4400,4.0
4401,3.0
4402,3.0
4403,3.0
4404,3.0
4405,3.0
4406,2.0
4407,4.0
4408,1.0
4409,4.0
4410,3.0
4411,3.0
4412,4.0
4413,4.0
4414,1.0
4415,4.0
4416,2.0
4417,3.0
4418,4.0
4419,3.0
4420,3.0
4421,2.0
4422,3.0
4423,3.0
4424,3.0
4425,3.0
4426,1.0
4427,4.0
4428,2.0
4429,3.0
4430,4.0
4431,4.0
4432,3.0
4433,3.0
4434,4.0
4435,2.0
4436,3.0
4437,2.0
4438,4.0
4439,2.0
4440,3.0
4441,4.0
4442,3.0
4443,3.0
4444,4.0
4445,4.0
4446,4.0
4447,2.0
4448,2.0
4449,3.0
4450,4.0
4451,3.0
4452,4.0
4453,3.0
4454,2.0
4455,3.0
4456,4.0
4457,3.0
4458,3.0
4459,3.0
4460,3.0
4461,2.0
4462,4.0
4463,3.0
4464,4.0
4465,3.0
4466,3.0
4467,3.0
4468,3.0
4469,3.0
4470,3.0
4471,3.0
4472,2.0
4473,3.0
4474,2.0
4475,3.0
4476,2.0
4477,3.0
4478,4.0
4479,3.0
4480,3.0
4481,4.0
4482,2.0
4483,4.0
4484,3.0
4485,3.0
4486,2.0
4487,3.0
4488,3.0
4489,2.0
4490,2.0
4491,4.0
4492,2.0
4493,4.0
4494,3.0
4495,3.0
4496,4.0
4497,4.0
4498,4.0
4499,3.0
4500,3.0
4501,3.0
4502,3.0
4503,2.0
4504,2.0
4505,3.0
4506,3.0
4507,2.0
4508,3.0
4509,4.0
4510,3.0
4511,2.0
4512,4.0
4513,3.0
4514,2.0
4515,3.0
4516,1.0
4517,3.0
4518,2.0
4519,2.0
4520,3.0
4521,3.0
4522,2.0
4523,3.0
4524,4.0
4525,3.0
4526,2.0
4527,2.0
4528,3.0
4529,2.0
4530,2.0
4531,3.0
4532,1.0
4533,3.0
4534,2.0
4535,3.0
4536,3.0
4537,3.0
4538,2.0
4539,2.0
4540,3.0
4541,3.0
4542,1.0
4543,2.0
4544,3.0
4545,2.0
4546,4.0
4547,3.0
4548,3.0
4549,4.0
4550,1.0
4551,3.0
4552,1.0
4553,3.0
4554,3.0
4555,4.0
4556,4.0
4557,4.0
4558,3.0
4559,3.0
4560,3.0
4561,4.0
4562,3.0
4563,4.0
4564,3.0
4565,3.0
4566,4.0
4567,2.0
4568,2.0
4569,2.0
4570,5.0
4571,2.0
4572,3.0
4573,2.0
4574,4.0
4575,3.0
4576,2.0
4577,2.0
4578,4.0
4579,4.0
4580,2.0
4581,3.0
4582,3.0
4583,3.0
4584,3.0
4585,3.0
4586,3.0
4587,2.0
4588,3.0
4589,3.0
4590,2.0
4591,4.0
4592,3.0
4593,3.0
4594,2.0
4595,3.0
4596,3.0
4597,3.0
4598,2.0
4599,3.0
4600,2.0
4601,3.0
4602,3.0
4603,1.0
4604,4.0
4605,2.0
4606,3.0
4607,3.0
4608,3.0
4609,3.0
4610,3.0
4611,4.0
4612,3.0
4613,2.0
4614,5.0
4615,4.0
4616,2.0
4617,3.0
4618,2.0
4619,2.0
4620,3.0
4621,3.0
4622,2.0
4623,1.0
4624,2.0
4625,3.0
4626,4.0
4627,4.0
4628,2.0
4629,2.0
4630,2.0
4631,3.0
4632,2.0
4633,3.0
4634,3.0
4635,2.0
4636,3.0
4637,2.0
4638,4.0
4639,2.0
4640,3.0
4641,2.0
4642,2.0
4643,2.0
4644,3.0
4645,3.0
4646,3.0
4647,2.0
4648,2.0
4649,2.0
4650,3.0
4651,4.0
4652,3.0
4653,1.0
4654,2.0
4655,2.0
4656,2.0
4657,3.0
4658,3.0
4659,2.0
4660,2.0
4661,2.0
4662,3.0
4663,2.0
4664,3.0
4665,3.0
4666,2.0
4667,3.0
4668,3.0
4669,2.0
4670,2.0
4671,2.0
4672,2.0
4673,5.0
4674,3.0
4675,2.0
4676,3.0
4677,3.0
4678,2.0
4679,5.0
4680,3.0
4681,3.0
4682,3.0
4683,4.0
4684,3.0
4685,2.0
4686,4.0
4687,1.0
4688,3.0
4689,4.0
4690,3.0
4691,2.0
4692,3.0
4693,3.0
4694,2.0
4695,4.0
4696,5.0
4697,3.0
4698,3.0
4699,2.0
4700,1.0
4701,5.0
4702,4.0
4703,2.0
4704,3.0
4705,2.0
4706,3.0
4707,3.0
4708,4.0
4709,3.0
4710,3.0
4711,2.0
4712,2.0
4713,4.0
4714,2.0
4715,4.0
4716,2.0
4717,4.0
4718,4.0
4719,3.0
4720,2.0
4721,3.0
4722,4.0
4723,3.0
4724,2.0
4725,2.0
4726,2.0
4727,1.0
4728,4.0
4729,3.0
4730,3.0
4731,3.0
4732,3.0
4733,3.0
4734,3.0
4735,3.0
4736,3.0
4737,3.0
4738,1.0
4739,3.0
4740,3.0
4741,4.0
4742,2.0
4743,4.0
4744,3.0
4745,4.0
4746,3.0
4747,4.0
4748,2.0
4749,3.0
4750,2.0
4751,5.0
4752,4.0
4753,4.0
4754,4.0
4755,2.0
4756,1.0
4757,1.0
4758,2.0
4759,2.0
4760,2.0
4761,3.0
4762,2.0
4763,3.0
4764,3.0
4765,2.0
4766,2.0
4767,3.0
4768,3.0
4769,3.0
4770,3.0
4771,4.0
4772,3.0
4773,3.0
4774,2.0
4775,5.0
4776,3.0
4777,2.0
4778,2.0
4779,2.0
4780,2.0
4781,5.0
4782,3.0
4783,2.0
4784,4.0
4785,4.0
4786,3.0
4787,4.0
4788,3.0
4789,3.0
4790,2.0
4791,5.0
4792,3.0
4793,4.0
4794,3.0
4795,5.0
4796,2.0
4797,2.0
4798,3.0
4799,3.0
4800,3.0
4801,3.0
4802,2.0
4803,4.0
4804,5.0
4805,3.0
4806,2.0
4807,3.0
4808,3.0
4809,4.0
4810,3.0
4811,3.0
4812,4.0
4813,2.0
4814,4.0
4815,2.0
4816,3.0
4817,1.0
4818,3.0
4819,3.0
4820,3.0
4821,2.0
4822,3.0
4823,4.0
4824,3.0
4825,2.0
4826,3.0
4827,4.0
4828,4.0
4829,3.0
4830,3.0
4831,2.0
4832,2.0
4833,5.0
4834,3.0
4835,4.0
4836,2.0
4837,3.0
4838,3.0
4839,3.0
4840,3.0
4841,1.0
4842,3.0
4843,3.0
4844,3.0
4845,3.0
4846,3.0
4847,4.0
4848,4.0
4849,2.0
4850,3.0
4851,2.0
4852,2.0
4853,4.0
4854,3.0
4855,2.0
4856,1.0
4857,3.0
4858,2.0
4859,3.0
4860,2.0
4861,2.0
4862,3.0
4863,1.0
4864,2.0
4865,1.0
4866,3.0
4867,4.0
4868,2.0
4869,3.0
4870,2.0
4871,4.0
4872,3.0
4873,2.0
4874,1.0
4875,3.0
4876,3.0
4877,3.0
4878,2.0
4879,4.0
4880,4.0
4881,3.0
4882,3.0
4883,4.0
4884,3.0
4885,3.0
4886,2.0
4887,3.0
4888,3.0
4889,3.0
4890,3.0
4891,3.0
4892,3.0
4893,3.0
4894,2.0
4895,3.0
4896,3.0
4897,2.0
4898,3.0
4899,1.0
4900,4.0
4901,4.0
4902,3.0
4903,2.0
4904,4.0
4905,2.0
4906,3.0
4907,1.0
4908,2.0
4909,3.0
4910,4.0
4911,1.0
4912,2.0
4913,2.0
4914,3.0
4915,3.0
4916,4.0
4917,3.0
4918,2.0
4919,2.0
4920,4.0
4921,3.0
4922,2.0
4923,2.0
4924,3.0
4925,3.0
4926,1.0
4927,3.0
4928,3.0
4929,1.0
4930,3.0
4931,3.0
4932,4.0
4933,2.0
4934,4.0
4935,3.0
4936,4.0
4937,3.0
4938,4.0
4939,4.0
4940,3.0
4941,4.0
4942,3.0
4943,2.0
4944,4.0
4945,3.0
4946,3.0
4947,2.0
4948,2.0
4949,2.0
4950,3.0
4951,2.0
4952,3.0
4953,4.0
4954,3.0
4955,3.0
4956,3.0
4957,2.0
4958,1.0
4959,2.0
4960,2.0
4961,4.0
4962,2.0
4963,4.0
4964,3.0
4965,4.0
4966,4.0
4967,4.0
4968,1.0
4969,2.0
4970,2.0
4971,4.0
4972,3.0
4973,5.0
4974,2.0
4975,3.0
4976,3.0
4977,2.0
4978,3.0
4979,4.0
4980,3.0
4981,3.0
4982,3.0
4983,2.0
4984,3.0
4985,3.0
4986,3.0
4987,2.0
4988,3.0
4989,4.0
4990,2.0
4991,4.0
4992,3.0
4993,4.0
4994,4.0
4995,2.0
4996,4.0
4997,3.0
4998,2.0
4999,3.0
5000,4.0
5001,3.0
5002,3.0
5003,2.0
5004,3.0
5005,4.0
5006,3.0
5007,2.0
5008,2.0
5009,4.0
5010,3.0
5011,1.0
5012,2.0
5013,3.0
5014,4.0
5015,2.0
5016,3.0
5017,4.0
5018,3.0
5019,2.0
5020,3.0
5021,3.0
5022,4.0
5023,3.0
5024,3.0
5025,3.0
5026,3.0
5027,4.0
5028,2.0
5029,3.0
5030,3.0
5031,2.0
5032,3.0
5033,2.0
5034,4.0
5035,3.0
5036,2.0
5037,1.0
5038,3.0
5039,2.0
5040,3.0
5041,4.0
5042,2.0
5043,2.0
5044,3.0
5045,4.0
5046,4.0
5047,4.0
5048,2.0
5049,3.0
5050,2.0
5051,5.0
5052,4.0
5053,3.0
5054,3.0
5055,1.0
5056,4.0
5057,3.0
5058,3.0
5059,3.0
5060,1.0
5061,3.0
5062,3.0
5063,3.0
5064,3.0
5065,4.0
5066,3.0
5067,2.0
5068,3.0
5069,3.0
5070,3.0
5071,2.0
5072,1.0
5073,3.0
5074,3.0
5075,4.0
5076,4.0
5077,3.0
5078,2.0
5079,2.0
5080,3.0
5081,2.0
5082,4.0
5083,2.0
5084,4.0
5085,3.0
5086,4.0
5087,4.0
5088,3.0
5089,4.0
5090,2.0
5091,2.0
5092,3.0
5093,3.0
5094,3.0
5095,2.0
5096,3.0
5097,3.0
5098,3.0
5099,3.0
5100,4.0
5101,3.0
5102,2.0
5103,3.0
5104,3.0
5105,3.0
5106,2.0
5107,3.0
5108,1.0
5109,3.0
5110,2.0
5111,3.0
5112,4.0
5113,2.0
5114,3.0
5115,3.0
5116,3.0
5117,4.0
5118,4.0
5119,3.0
5120,3.0
5121,3.0
5122,4.0
5123,3.0
5124,3.0
5125,3.0
5126,3.0
5127,3.0
5128,5.0
5129,4.0
5130,4.0
5131,5.0
5132,3.0
5133,4.0
5134,4.0
5135,2.0
5136,3.0
5137,3.0
5138,2.0
5139,3.0
5140,4.0
5141,4.0
5142,4.0
5143,2.0
5144,3.0
5145,2.0
5146,3.0
5147,3.0
5148,4.0
5149,2.0
5150,3.0
5151,4.0
5152,3.0
5153,3.0
5154,5.0
5155,2.0
5156,2.0
5157,4.0
5158,4.0
5159,2.0
5160,3.0
5161,3.0
5162,3.0
5163,3.0
5164,3.0
5165,3.0
5166,2.0
5167,4.0
5168,2.0
5169,3.0
5170,2.0
5171,3.0
5172,4.0
5173,4.0
5174,3.0
5175,2.0
5176,4.0
5177,3.0
5178,2.0
5179,2.0
5180,2.0
5181,3.0
5182,3.0
5183,3.0
5184,3.0
5185,3.0
5186,4.0
5187,3.0
5188,2.0
5189,2.0
5190,4.0
5191,2.0
5192,3.0
5193,4.0
5194,3.0
5195,4.0
5196,1.0
5197,1.0
5198,3.0
5199,3.0
5200,4.0
5201,3.0
5202,3.0
5203,2.0
5204,3.0
5205,3.0
5206,2.0
5207,2.0
5208,3.0
5209,2.0
5210,3.0
5211,2.0
5212,3.0
5213,2.0
5214,3.0
5215,3.0
5216,3.0
5217,2.0
5218,3.0
5219,2.0
5220,3.0
5221,3.0
5222,3.0
5223,4.0
5224,3.0
5225,2.0
5226,3.0
5227,3.0
5228,2.0
5229,3.0
5230,5.0
5231,3.0
5232,1.0
5233,3.0
5234,4.0
5235,3.0
5236,2.0
5237,3.0
5238,1.0
5239,3.0
5240,3.0
5241,1.0
5242,1.0
5243,3.0
5244,3.0
5245,2.0
5246,4.0
5247,4.0
5248,3.0
5249,2.0
5250,3.0
5251,4.0
5252,4.0
5253,4.0
5254,2.0
5255,4.0
5256,3.0
5257,3.0
5258,4.0
5259,1.0
5260,2.0
5261,2.0
5262,2.0
5263,2.0
5264,2.0
5265,2.0
5266,3.0
5267,3.0
5268,1.0
5269,3.0
5270,1.0
5271,4.0
5272,2.0
5273,1.0
5274,3.0
5275,3.0
5276,2.0
5277,3.0
5278,2.0
5279,2.0
5280,2.0
5281,3.0
5282,4.0
5283,2.0
5284,2.0
5285,3.0
5286,5.0
5287,2.0
5288,3.0
5289,2.0
5290,2.0
5291,3.0
5292,2.0
5293,3.0
5294,3.0
5295,3.0
5296,1.0
5297,3.0
5298,2.0
5299,3.0
5300,4.0
5301,3.0
5302,3.0
5303,2.0
5304,3.0
5305,2.0
5306,4.0
5307,3.0
5308,3.0
5309,3.0
5310,2.0
5311,3.0
5312,3.0
5313,3.0
5314,3.0
5315,3.0
5316,2.0
5317,2.0
5318,4.0
5319,3.0
5320,5.0
5321,3.0
5322,4.0
5323,3.0
5324,1.0
5325,4.0
5326,2.0
5327,3.0
5328,3.0
5329,2.0
5330,2.0
5331,4.0
5332,1.0
5333,3.0
5334,4.0
5335,4.0
5336,2.0
5337,3.0
5338,3.0
5339,3.0
5340,3.0
5341,3.0
5342,3.0
5343,3.0
5344,3.0
5345,5.0
5346,3.0
5347,2.0
5348,3.0
5349,2.0
5350,3.0
5351,2.0
5352,3.0
5353,3.0
5354,4.0
5355,3.0
5356,4.0
5357,2.0
5358,2.0
5359,1.0
5360,2.0
5361,1.0
5362,2.0
5363,3.0
5364,3.0
5365,3.0
5366,3.0
5367,3.0
5368,1.0
5369,4.0
5370,3.0
5371,4.0
5372,2.0
5373,3.0
5374,3.0
5375,2.0
5376,3.0
5377,3.0
5378,3.0
5379,3.0
5380,3.0
5381,3.0
5382,2.0
5383,3.0
5384,4.0
5385,4.0
5386,3.0
5387,2.0
5388,2.0
5389,2.0
5390,2.0
5391,3.0
5392,3.0
5393,3.0
5394,4.0
5395,2.0
5396,2.0
5397,3.0
5398,3.0
5399,4.0
5400,5.0
5401,2.0
5402,2.0
5403,4.0
5404,2.0
5405,4.0
5406,4.0
5407,3.0
5408,4.0
5409,4.0
5410,4.0
5411,4.0
5412,4.0
5413,4.0
5414,4.0
5415,2.0
5416,4.0
5417,2.0
5418,4.0
5419,4.0
5420,4.0
5421,3.0
5422,3.0
5423,4.0
5424,3.0
5425,3.0
5426,4.0
5427,2.0
5428,1.0
5429,4.0
5430,3.0
5431,2.0
5432,2.0
5433,2.0
5434,2.0
5435,2.0
5436,3.0
5437,4.0
5438,2.0
5439,3.0
5440,2.0
5441,3.0
5442,2.0
5443,3.0
5444,2.0
5445,4.0
5446,4.0
5447,1.0
5448,3.0
5449,2.0
5450,3.0
5451,3.0
5452,3.0
5453,3.0
5454,3.0
5455,2.0
5456,3.0
5457,3.0
5458,2.0
5459,3.0
5460,1.0
5461,3.0
5462,2.0
5463,4.0
5464,4.0
5465,3.0
5466,3.0
5467,3.0
5468,2.0
5469,2.0
5470,3.0
5471,3.0
5472,3.0
5473,4.0
5474,3.0
5475,3.0
5476,2.0
5477,5.0
5478,3.0
5479,3.0
5480,2.0
5481,2.0
5482,3.0
5483,5.0
5484,4.0
5485,2.0
5486,4.0
5487,3.0
5488,3.0
5489,2.0
5490,2.0
5491,3.0
5492,3.0
5493,3.0
5494,3.0
5495,2.0
5496,2.0
5497,3.0
5498,2.0
5499,3.0
5500,2.0
5501,2.0
5502,2.0
5503,3.0
5504,3.0
5505,4.0
5506,3.0
5507,2.0
5508,3.0
5509,4.0
5510,3.0
5511,2.0
5512,4.0
5513,3.0
5514,4.0
5515,4.0
5516,3.0
5517,3.0
5518,4.0
5519,1.0
5520,4.0
5521,3.0
5522,4.0
5523,3.0
5524,3.0
5525,3.0
5526,3.0
5527,2.0
5528,3.0
5529,2.0
5530,4.0
5531,4.0
5532,3.0
5533,3.0
5534,3.0
5535,2.0
5536,2.0
5537,4.0
5538,2.0
5539,3.0
5540,4.0
5541,3.0
5542,3.0
5543,2.0
5544,3.0
5545,3.0
5546,3.0
5547,4.0
5548,2.0
5549,4.0
5550,3.0
5551,2.0
5552,4.0
5553,3.0
5554,2.0
5555,2.0
5556,2.0
5557,2.0
5558,4.0
5559,2.0
5560,2.0
5561,3.0
5562,3.0
5563,2.0
5564,3.0
5565,3.0
5566,4.0
5567,2.0
5568,4.0
5569,3.0
5570,3.0
5571,3.0
5572,1.0
5573,3.0
5574,3.0
5575,2.0
5576,1.0
5577,2.0
5578,4.0
5579,1.0
5580,2.0
5581,4.0
5582,1.0
5583,2.0
5584,3.0
5585,4.0
5586,3.0
5587,2.0
5588,2.0
5589,3.0
5590,4.0
5591,2.0
5592,3.0
5593,3.0
5594,2.0
5595,4.0
5596,3.0
5597,3.0
5598,3.0
5599,4.0
5600,3.0
5601,3.0
5602,4.0
5603,3.0
5604,3.0
5605,3.0
5606,3.0
5607,2.0
5608,3.0
5609,2.0
5610,2.0
5611,3.0
5612,2.0
5613,2.0
5614,2.0
5615,3.0
5616,3.0
5617,3.0
5618,2.0
5619,4.0
5620,2.0
5621,3.0
5622,3.0
5623,3.0
5624,3.0
5625,3.0
5626,4.0
5627,2.0
5628,3.0
5629,2.0
5630,3.0
5631,3.0
5632,2.0
5633,2.0
5634,2.0
5635,4.0
5636,4.0
5637,3.0
5638,4.0
5639,3.0
5640,2.0
5641,3.0
5642,2.0
5643,3.0
5644,2.0
5645,2.0
5646,2.0
5647,4.0
5648,4.0
5649,3.0
5650,2.0
5651,3.0
5652,2.0
5653,2.0
5654,2.0
5655,1.0
5656,2.0
5657,4.0
5658,3.0
5659,2.0
5660,4.0
5661,3.0
5662,4.0
5663,4.0
5664,2.0
5665,2.0
5666,2.0
5667,2.0
5668,1.0
5669,4.0
5670,2.0
5671,4.0
5672,1.0
5673,4.0
5674,2.0
5675,3.0
5676,3.0
5677,4.0
5678,2.0
5679,3.0
5680,2.0
5681,4.0
5682,4.0
5683,3.0
5684,3.0
5685,3.0
5686,3.0
5687,5.0
5688,2.0
5689,4.0
5690,3.0
5691,4.0
5692,2.0
5693,3.0
5694,4.0
5695,2.0
5696,4.0
5697,3.0
5698,2.0
5699,3.0
5700,3.0
5701,4.0
5702,3.0
5703,2.0
5704,3.0
5705,2.0
5706,2.0
5707,2.0
5708,3.0
5709,3.0
5710,3.0
5711,4.0
5712,4.0
5713,2.0
5714,3.0
5715,3.0
5716,4.0
5717,2.0
5718,3.0
5719,2.0
5720,3.0
5721,3.0
5722,3.0
5723,3.0
5724,2.0
5725,3.0
5726,3.0
5727,3.0
5728,3.0
5729,2.0
5730,3.0
5731,4.0
5732,2.0
5733,3.0
5734,3.0
5735,3.0
5736,4.0
5737,3.0
5738,2.0
5739,4.0
5740,3.0
5741,4.0
5742,2.0
5743,3.0
5744,3.0
5745,3.0
5746,4.0
5747,3.0
5748,4.0
5749,2.0
5750,4.0
5751,3.0
5752,3.0
5753,2.0
5754,3.0
5755,2.0
5756,3.0
5757,3.0
5758,1.0
5759,3.0
5760,2.0
5761,2.0
5762,4.0
5763,3.0
5764,2.0
5765,1.0
5766,3.0
5767,4.0
5768,2.0
5769,3.0
5770,3.0
5771,2.0
5772,3.0
5773,3.0
5774,2.0
5775,4.0
5776,4.0
5777,2.0
5778,3.0
5779,2.0
5780,3.0
5781,4.0
5782,2.0
5783,3.0
5784,3.0
5785,4.0
5786,3.0
5787,5.0
5788,2.0
5789,3.0
5790,2.0
5791,2.0
5792,4.0
5793,4.0
5794,2.0
5795,4.0
5796,3.0
5797,2.0
5798,2.0
5799,3.0
5800,5.0
5801,3.0
5802,4.0
5803,2.0
5804,3.0
5805,3.0
5806,3.0
5807,3.0
5808,3.0
5809,4.0
5810,4.0
5811,3.0
5812,3.0
5813,3.0
5814,4.0
5815,2.0
5816,4.0
5817,2.0
5818,3.0
5819,2.0
5820,3.0
5821,3.0
5822,4.0
5823,3.0
5824,3.0
5825,1.0
5826,2.0
5827,3.0
5828,3.0
5829,2.0
5830,3.0
5831,3.0
5832,5.0
5833,1.0
5834,4.0
5835,3.0
5836,4.0
5837,3.0
5838,4.0
5839,4.0
5840,3.0
5841,3.0
5842,2.0
5843,3.0
5844,3.0
5845,3.0
5846,3.0
5847,3.0
5848,3.0
5849,4.0
5850,2.0
5851,2.0
5852,4.0
5853,4.0
5854,3.0
5855,2.0
5856,3.0
5857,3.0
5858,2.0
5859,2.0
5860,3.0
5861,4.0
5862,4.0
5863,3.0
5864,4.0
5865,3.0
5866,4.0
5867,2.0
5868,2.0
5869,3.0
5870,1.0
5871,3.0
5872,4.0
5873,1.0
5874,3.0
5875,2.0
5876,2.0
5877,1.0
5878,4.0
5879,4.0
5880,2.0
5881,3.0
5882,2.0
5883,3.0
5884,4.0
5885,3.0
5886,3.0
5887,3.0
5888,3.0
5889,3.0
5890,1.0
5891,2.0
5892,1.0
5893,3.0
5894,4.0
5895,3.0
5896,4.0
5897,1.0
5898,4.0
5899,3.0
5900,3.0
5901,2.0
5902,2.0
5903,2.0
5904,3.0
5905,3.0
5906,3.0
5907,3.0
5908,4.0
5909,3.0
5910,3.0
5911,3.0
5912,3.0
5913,3.0
5914,3.0
5915,3.0
5916,2.0
5917,2.0
5918,2.0
5919,3.0
5920,3.0
5921,2.0
5922,3.0
5923,2.0
5924,3.0
5925,2.0
5926,4.0
5927,3.0
5928,5.0
5929,4.0
5930,4.0
5931,2.0
5932,3.0
5933,2.0
5934,2.0
5935,3.0
5936,3.0
5937,2.0
5938,2.0
5939,2.0
5940,3.0
5941,3.0
5942,3.0
5943,5.0
5944,3.0
5945,2.0
5946,4.0
5947,3.0
5948,2.0
5949,5.0
5950,1.0
5951,2.0
5952,4.0
5953,4.0
5954,3.0
5955,3.0
5956,2.0
5957,3.0
5958,4.0
5959,2.0
5960,3.0
5961,4.0
5962,3.0
5963,3.0
5964,4.0
5965,3.0
5966,2.0
5967,3.0
5968,2.0
5969,3.0
5970,3.0
5971,3.0
5972,1.0
5973,4.0
5974,4.0
5975,3.0
5976,2.0
5977,3.0
5978,5.0
5979,3.0
5980,3.0
5981,3.0
5982,2.0
5983,4.0
5984,3.0
5985,3.0
5986,3.0
5987,3.0
5988,4.0
5989,2.0
5990,3.0
5991,3.0
5992,3.0
5993,3.0
5994,4.0
5995,2.0
5996,3.0
5997,2.0
5998,3.0
5999,3.0
6000,4.0
6001,2.0
6002,4.0
6003,3.0
6004,2.0
6005,3.0
6006,3.0
6007,3.0
6008,3.0
6009,5.0
6010,3.0
6011,4.0
6012,4.0
6013,4.0
6014,3.0
6015,3.0
6016,2.0
6017,3.0
6018,1.0
6019,3.0
6020,3.0
6021,3.0
6022,3.0
6023,3.0
6024,3.0
6025,4.0
6026,3.0
6027,2.0
6028,4.0
6029,4.0
6030,3.0
6031,2.0
6032,4.0
6033,2.0
6034,3.0
6035,3.0
6036,3.0
6037,3.0
6038,3.0
6039,4.0
6040,3.0
6041,3.0
6042,3.0
6043,3.0
6044,3.0
6045,4.0
6046,3.0
6047,2.0
6048,4.0
6049,4.0
6050,4.0
6051,1.0
6052,1.0
6053,3.0
6054,3.0
6055,4.0
6056,1.0
6057,3.0
6058,1.0
6059,2.0
6060,4.0
6061,4.0
6062,3.0
6063,4.0
6064,3.0
6065,3.0
6066,2.0
6067,4.0
6068,2.0
6069,2.0
6070,3.0
6071,4.0
6072,4.0
6073,4.0
6074,4.0
6075,3.0
6076,4.0
6077,3.0
6078,3.0
6079,2.0
6080,4.0
6081,3.0
6082,4.0
6083,2.0
6084,3.0
6085,3.0
6086,3.0
6087,3.0
6088,3.0
6089,3.0
6090,3.0
6091,4.0
6092,3.0
6093,2.0
6094,3.0
6095,2.0
6096,2.0
6097,2.0
6098,3.0
6099,3.0
6100,3.0
6101,3.0
6102,3.0
6103,5.0
6104,3.0
6105,3.0
6106,5.0
6107,4.0
6108,4.0
6109,3.0
6110,2.0
6111,4.0
6112,3.0
6113,3.0
6114,2.0
6115,3.0
6116,3.0
6117,2.0
6118,4.0
6119,2.0
6120,3.0
6121,3.0
6122,4.0
6123,3.0
6124,3.0
6125,2.0
6126,3.0
6127,4.0
6128,3.0
6129,3.0
6130,4.0
6131,3.0
6132,2.0
6133,3.0
6134,4.0
6135,3.0
6136,3.0
6137,4.0
6138,2.0
6139,2.0
6140,3.0
6141,3.0
6142,3.0
6143,4.0
6144,4.0
6145,3.0
6146,3.0
6147,2.0
6148,2.0
6149,3.0
6150,4.0
6151,3.0
6152,3.0
6153,4.0
6154,2.0
6155,2.0
6156,1.0
6157,3.0
6158,2.0
6159,3.0
6160,3.0
6161,1.0
6162,2.0
6163,5.0
6164,2.0
6165,3.0
6166,1.0
6167,3.0
6168,2.0
6169,2.0
6170,3.0
6171,4.0
6172,4.0
6173,3.0
6174,3.0
6175,3.0
6176,4.0
6177,2.0
6178,3.0
6179,2.0
6180,2.0
6181,3.0
6182,3.0
6183,3.0
6184,3.0
6185,1.0
6186,3.0
6187,3.0
6188,2.0
6189,3.0
6190,5.0
6191,3.0
6192,3.0
6193,2.0
6194,2.0
6195,3.0
6196,2.0
6197,5.0
6198,4.0
6199,3.0
6200,3.0
6201,3.0
6202,3.0
6203,3.0
6204,3.0
6205,5.0
6206,4.0
6207,3.0
6208,4.0
6209,4.0
6210,3.0
6211,2.0
6212,3.0
6213,2.0
6214,3.0
6215,2.0
6216,3.0
6217,3.0
6218,4.0
6219,3.0
6220,3.0
6221,4.0
6222,2.0
6223,2.0
6224,3.0
6225,3.0
6226,2.0
6227,3.0
6228,3.0
6229,2.0
6230,4.0
6231,3.0
6232,3.0
6233,4.0
6234,3.0
6235,4.0
6236,1.0
6237,2.0
6238,4.0
6239,5.0
6240,5.0
6241,3.0
6242,3.0
6243,4.0
6244,4.0
6245,3.0
6246,2.0
6247,2.0
6248,3.0
6249,3.0
6250,1.0
6251,3.0
6252,2.0
6253,4.0
6254,2.0
6255,2.0
6256,3.0
6257,4.0
6258,4.0
6259,3.0
6260,4.0
6261,3.0
6262,4.0
6263,2.0
6264,3.0
6265,2.0
6266,3.0
6267,3.0
6268,3.0
6269,3.0
6270,4.0
6271,3.0
6272,3.0
6273,3.0
6274,3.0
6275,3.0
6276,4.0
6277,3.0
6278,2.0
6279,4.0
6280,2.0
6281,4.0
6282,3.0
6283,3.0
6284,2.0
6285,2.0
6286,1.0
6287,3.0
6288,3.0
6289,2.0
6290,1.0
6291,3.0
6292,3.0
6293,3.0
6294,3.0
6295,3.0
6296,2.0
6297,3.0
6298,3.0
6299,2.0
6300,3.0
6301,3.0
6302,3.0
6303,3.0
6304,3.0
6305,3.0
6306,3.0
6307,4.0
6308,3.0
6309,1.0
6310,2.0
6311,2.0
6312,3.0
6313,3.0
6314,3.0
6315,2.0
6316,3.0
6317,2.0
6318,3.0
6319,2.0
6320,2.0
6321,3.0
6322,4.0
6323,2.0
6324,2.0
6325,4.0
6326,3.0
6327,3.0
6328,3.0
6329,3.0
6330,3.0
6331,3.0
6332,2.0
6333,3.0
6334,3.0
6335,3.0
6336,2.0
6337,4.0
6338,5.0
6339,3.0
6340,2.0
6341,3.0
6342,4.0
6343,3.0
6344,2.0
6345,4.0
6346,2.0
6347,4.0
6348,4.0
6349,2.0
6350,4.0
6351,3.0
6352,4.0
6353,3.0
6354,3.0
6355,5.0
6356,3.0
6357,2.0
6358,4.0
6359,3.0
6360,3.0
6361,3.0
6362,3.0
6363,2.0
6364,2.0
6365,1.0
6366,2.0
6367,3.0
6368,3.0
6369,4.0
6370,2.0
6371,4.0
6372,3.0
6373,3.0
6374,4.0
6375,3.0
6376,4.0
6377,2.0
6378,3.0
6379,3.0
6380,2.0
6381,2.0
6382,4.0
6383,3.0
6384,3.0
6385,3.0
6386,4.0
6387,4.0
6388,1.0
6389,3.0
6390,3.0
6391,3.0
6392,3.0
6393,2.0
6394,3.0
6395,3.0
6396,3.0
6397,4.0
6398,3.0
6399,3.0
6400,4.0
6401,3.0
6402,3.0
6403,3.0
6404,4.0
6405,2.0
6406,2.0
6407,3.0
6408,3.0
6409,3.0
6410,3.0
6411,5.0
6412,2.0
6413,4.0
6414,3.0
6415,4.0
6416,4.0
6417,1.0
6418,2.0
6419,2.0
6420,4.0
6421,3.0
6422,4.0
6423,3.0
6424,4.0
6425,3.0
6426,3.0
6427,3.0
6428,3.0
6429,3.0
6430,3.0
6431,4.0
6432,3.0
6433,4.0
6434,2.0
6435,3.0
6436,4.0
6437,2.0
6438,3.0
6439,2.0
6440,1.0
6441,4.0
6442,3.0
6443,4.0
6444,3.0
6445,3.0
6446,2.0
6447,1.0
6448,3.0
6449,2.0
6450,3.0
6451,3.0
6452,3.0
6453,4.0
6454,3.0
6455,3.0
6456,4.0
6457,2.0
6458,2.0
6459,3.0
6460,3.0
6461,2.0
6462,3.0
6463,4.0
6464,3.0
6465,2.0
6466,3.0
6467,3.0
6468,3.0
6469,2.0
6470,3.0
6471,4.0
6472,2.0
6473,2.0
6474,2.0
6475,3.0
6476,3.0
6477,2.0
6478,2.0
6479,3.0
6480,3.0
6481,2.0
6482,2.0
6483,3.0
6484,3.0
6485,3.0
6486,3.0
6487,2.0
6488,4.0
6489,2.0
6490,3.0
6491,2.0
6492,4.0
6493,3.0
6494,4.0
6495,1.0
6496,3.0
6497,2.0
6498,4.0
6499,1.0
6500,4.0
6501,2.0
6502,3.0
6503,3.0
6504,2.0
6505,3.0
6506,4.0
6507,2.0
6508,4.0
6509,2.0
6510,3.0
6511,3.0
6512,3.0
6513,3.0
6514,3.0
6515,3.0
6516,3.0
6517,2.0
6518,4.0
6519,3.0
6520,2.0
6521,2.0
6522,1.0
6523,3.0
6524,2.0
6525,3.0
6526,2.0
6527,3.0
6528,3.0
6529,3.0
6530,4.0
6531,2.0
6532,2.0
6533,2.0
6534,2.0
6535,2.0
6536,1.0
6537,3.0
6538,1.0
6539,3.0
6540,3.0
6541,4.0
6542,2.0
6543,3.0
6544,2.0
6545,3.0
6546,3.0
6547,4.0
6548,3.0
6549,3.0
6550,4.0
6551,4.0
6552,4.0
6553,3.0
6554,3.0
6555,3.0
6556,2.0
6557,3.0
6558,4.0
6559,2.0
6560,1.0
6561,3.0
6562,3.0
6563,3.0
6564,2.0
6565,3.0
6566,3.0
6567,3.0
6568,3.0
6569,4.0
6570,3.0
6571,2.0
6572,3.0
6573,1.0
6574,3.0
6575,4.0
6576,3.0
6577,3.0
6578,2.0
6579,2.0
6580,2.0
6581,2.0
6582,4.0
6583,2.0
6584,2.0
6585,3.0
6586,3.0
6587,3.0
6588,2.0
6589,2.0
6590,2.0
6591,3.0
6592,4.0
6593,2.0
6594,4.0
6595,3.0
6596,3.0
6597,4.0
6598,3.0
6599,3.0
6600,2.0
6601,2.0
6602,4.0
6603,3.0
6604,2.0
6605,3.0
6606,4.0
6607,3.0
6608,3.0
6609,3.0
6610,2.0
6611,3.0
6612,2.0
6613,3.0
6614,1.0
6615,4.0
6616,4.0
6617,2.0
6618,4.0
6619,2.0
6620,5.0
6621,5.0
6622,4.0
6623,3.0
6624,2.0
6625,3.0
6626,4.0
6627,4.0
6628,3.0
6629,4.0
6630,2.0
6631,2.0
6632,3.0
6633,3.0
6634,2.0
6635,4.0
6636,4.0
6637,3.0
6638,4.0
6639,4.0
6640,2.0
6641,3.0
6642,4.0
6643,3.0
6644,2.0
6645,2.0
6646,3.0
6647,4.0
6648,2.0
6649,2.0
6650,4.0
6651,2.0
6652,4.0
6653,2.0
6654,3.0
6655,3.0
6656,3.0
6657,3.0
6658,3.0
6659,4.0
6660,3.0
6661,3.0
6662,4.0
6663,4.0
6664,3.0
6665,2.0
6666,4.0
6667,3.0
6668,3.0
6669,3.0
6670,1.0
6671,4.0
6672,2.0
6673,4.0
6674,2.0
6675,3.0
6676,2.0
6677,4.0
6678,4.0
6679,4.0
6680,4.0
6681,3.0
6682,2.0
6683,2.0
6684,4.0
6685,2.0
6686,3.0
6687,3.0
6688,2.0
6689,3.0
6690,1.0
6691,4.0
6692,4.0
6693,3.0
6694,2.0
6695,3.0
6696,3.0
6697,4.0
6698,3.0
6699,4.0
6700,2.0
6701,3.0
6702,2.0
6703,2.0
6704,3.0
6705,3.0
6706,4.0
6707,4.0
6708,2.0
6709,3.0
6710,3.0
6711,2.0
6712,4.0
6713,4.0
6714,3.0
6715,3.0
6716,4.0
6717,2.0
6718,3.0
6719,3.0
6720,3.0
6721,3.0
6722,3.0
6723,2.0
6724,2.0
6725,2.0
6726,3.0
6727,3.0
6728,2.0
6729,4.0
6730,2.0
6731,3.0
6732,3.0
6733,4.0
6734,4.0
6735,2.0
6736,3.0
6737,2.0
6738,2.0
6739,2.0
6740,3.0
6741,2.0
6742,3.0
6743,3.0
6744,1.0
6745,1.0
6746,1.0
6747,3.0
6748,2.0
6749,4.0
6750,3.0
6751,2.0
6752,3.0
6753,3.0
6754,1.0
6755,4.0
6756,3.0
6757,2.0
6758,3.0
6759,3.0
6760,3.0
6761,2.0
6762,3.0
6763,2.0
6764,2.0
6765,3.0
6766,3.0
6767,2.0
6768,1.0
6769,4.0
6770,3.0
6771,3.0
6772,4.0
6773,3.0
6774,3.0
6775,5.0
6776,3.0
6777,3.0
6778,2.0
6779,4.0
6780,4.0
6781,3.0
6782,3.0
6783,3.0
6784,4.0
6785,4.0
6786,3.0
6787,3.0
6788,3.0
6789,1.0
6790,3.0
6791,3.0
6792,3.0
6793,3.0
6794,2.0
6795,3.0
6796,4.0
6797,4.0
6798,2.0
6799,2.0
6800,1.0
6801,2.0
6802,2.0
6803,2.0
6804,3.0
6805,2.0
6806,4.0
6807,3.0
6808,3.0
6809,2.0
6810,4.0
6811,3.0
6812,3.0
6813,2.0
6814,2.0
6815,3.0
6816,2.0
6817,3.0
6818,4.0
6819,4.0
6820,5.0
6821,3.0
6822,2.0
6823,2.0
6824,3.0
6825,2.0
6826,3.0
6827,3.0
6828,1.0
6829,2.0
6830,3.0
6831,2.0
6832,3.0
6833,4.0
6834,1.0
6835,4.0
6836,3.0
6837,3.0
6838,2.0
6839,4.0
6840,1.0
6841,2.0
6842,4.0
6843,3.0
6844,2.0
6845,1.0
6846,1.0
6847,4.0
6848,3.0
6849,3.0
6850,3.0
6851,3.0
6852,1.0
6853,3.0
6854,2.0
6855,4.0
6856,3.0
6857,3.0
6858,2.0
6859,3.0
6860,2.0
6861,1.0
6862,2.0
6863,2.0
6864,2.0
6865,2.0
6866,4.0
6867,3.0
6868,3.0
6869,3.0
6870,4.0
6871,3.0
6872,2.0
6873,2.0
6874,2.0
6875,2.0
6876,3.0
6877,4.0
6878,2.0
6879,3.0
6880,3.0
6881,3.0
6882,2.0
6883,2.0
6884,4.0
6885,4.0
6886,3.0
6887,4.0
6888,3.0
6889,3.0
6890,3.0
6891,1.0
6892,2.0
6893,3.0
6894,3.0
6895,3.0
6896,4.0
6897,1.0
6898,3.0
6899,3.0
6900,3.0
6901,3.0
6902,2.0
6903,1.0
6904,4.0
6905,3.0
6906,3.0
6907,4.0
6908,3.0
6909,1.0
6910,3.0
6911,2.0
6912,3.0
6913,4.0
6914,1.0
6915,3.0
6916,4.0
6917,3.0
6918,2.0
6919,3.0
6920,3.0
6921,3.0
6922,1.0
6923,3.0
6924,3.0
6925,2.0
6926,2.0
6927,3.0
6928,3.0
6929,3.0
6930,2.0
6931,2.0
6932,3.0
6933,3.0
6934,3.0
6935,3.0
6936,3.0
6937,4.0
6938,3.0
6939,4.0
6940,2.0
6941,2.0
6942,2.0
6943,2.0
6944,3.0
6945,4.0
6946,3.0
6947,2.0
6948,3.0
6949,4.0
6950,3.0
6951,3.0
6952,3.0
6953,3.0
6954,2.0
6955,3.0
6956,4.0
6957,1.0
6958,2.0
6959,1.0
6960,2.0
6961,3.0
6962,3.0
6963,3.0
6964,2.0
6965,4.0
6966,4.0
6967,4.0
6968,3.0
6969,4.0
6970,2.0
6971,2.0
6972,3.0
6973,3.0
6974,3.0
6975,4.0
6976,3.0
6977,4.0
6978,2.0
6979,3.0
6980,3.0
6981,3.0
6982,4.0
6983,2.0
6984,3.0
6985,1.0
6986,5.0
6987,2.0
6988,2.0
6989,2.0
6990,2.0
6991,2.0
6992,2.0
6993,4.0
6994,3.0
6995,2.0
6996,3.0
6997,2.0
6998,4.0
6999,2.0
7000,2.0
7001,2.0
7002,2.0
7003,2.0
7004,4.0
7005,3.0
7006,4.0
7007,4.0
7008,2.0
7009,2.0
7010,3.0
7011,3.0
7012,1.0
7013,4.0
7014,3.0
7015,3.0
7016,2.0
7017,2.0
7018,4.0
7019,3.0
7020,3.0
7021,2.0
7022,4.0
7023,3.0
7024,3.0
7025,3.0
7026,2.0
7027,3.0
7028,3.0
7029,4.0
7030,2.0
7031,2.0
7032,4.0
7033,2.0
7034,2.0
7035,3.0
7036,1.0
7037,4.0
7038,3.0
7039,3.0
7040,4.0
7041,2.0
7042,3.0
7043,3.0
7044,4.0
7045,2.0
7046,3.0
7047,2.0
7048,3.0
7049,3.0
7050,3.0
7051,3.0
7052,3.0
7053,3.0
7054,3.0
7055,4.0
7056,2.0
7057,4.0
7058,3.0
7059,3.0
7060,3.0
7061,2.0
7062,4.0
7063,3.0
7064,3.0
7065,4.0
7066,4.0
7067,2.0
7068,3.0
7069,2.0
7070,3.0
7071,3.0
7072,3.0
7073,3.0
7074,3.0
7075,1.0
7076,2.0
7077,2.0
7078,3.0
7079,2.0
7080,3.0
7081,3.0
7082,3.0
7083,2.0
7084,3.0
7085,2.0
7086,3.0
7087,3.0
7088,3.0
7089,3.0
7090,2.0
7091,4.0
7092,2.0
7093,4.0
7094,3.0
7095,2.0
7096,3.0
7097,3.0
7098,2.0
7099,3.0
7100,3.0
7101,3.0
7102,3.0
7103,3.0
7104,3.0
7105,3.0
7106,3.0
7107,3.0
7108,3.0
7109,2.0
7110,3.0
7111,2.0
7112,3.0
7113,3.0
7114,4.0
7115,2.0
7116,4.0
7117,3.0
7118,4.0
7119,3.0
7120,2.0
7121,3.0
7122,4.0
7123,3.0
7124,3.0
7125,3.0
7126,3.0
7127,3.0
7128,3.0
7129,5.0
7130,2.0
7131,2.0
7132,2.0
7133,2.0
7134,4.0
7135,4.0
7136,1.0
7137,2.0
7138,3.0
7139,3.0
7140,2.0
7141,3.0
7142,2.0
7143,3.0
7144,4.0
7145,4.0
7146,3.0
7147,3.0
7148,2.0
7149,3.0
7150,2.0
7151,2.0
7152,3.0
7153,4.0
7154,2.0
7155,1.0
7156,3.0
7157,4.0
7158,1.0
7159,1.0
7160,1.0
7161,3.0
7162,3.0
7163,3.0
7164,2.0
7165,2.0
7166,2.0
7167,1.0
7168,4.0
7169,3.0
7170,3.0
7171,3.0
7172,4.0
7173,2.0
7174,3.0
7175,2.0
7176,2.0
7177,3.0
7178,3.0
7179,3.0
7180,2.0
7181,3.0
7182,2.0
7183,4.0
7184,4.0
7185,3.0
7186,4.0
7187,3.0
7188,3.0
7189,3.0
7190,3.0
7191,4.0
7192,3.0
7193,4.0
7194,2.0
7195,3.0
7196,1.0
7197,2.0
7198,3.0
7199,2.0
7200,2.0
7201,3.0
7202,3.0
7203,3.0
7204,3.0
7205,3.0
7206,3.0
7207,4.0
7208,3.0
7209,3.0
7210,2.0
7211,3.0
7212,3.0
7213,4.0
7214,2.0
7215,2.0
7216,3.0
7217,4.0
7218,3.0
7219,3.0
7220,5.0
7221,3.0
7222,5.0
7223,4.0
7224,4.0
7225,3.0
7226,3.0
7227,5.0
7228,3.0
7229,2.0
7230,3.0
7231,2.0
7232,4.0
7233,3.0
7234,3.0
7235,3.0
7236,2.0
7237,2.0
7238,3.0
7239,3.0
7240,4.0
7241,3.0
7242,2.0
7243,3.0
7244,3.0
7245,5.0
7246,3.0
7247,3.0
7248,2.0
7249,2.0
7250,4.0
7251,3.0
7252,3.0
7253,1.0
7254,2.0
7255,2.0
7256,4.0
7257,4.0
7258,3.0
7259,4.0
7260,2.0
7261,3.0
7262,2.0
7263,3.0
7264,2.0
7265,3.0
7266,3.0
7267,2.0
7268,4.0
7269,2.0
7270,3.0
7271,3.0
7272,3.0
7273,2.0
7274,2.0
7275,4.0
7276,2.0
7277,3.0
7278,3.0
7279,3.0
7280,3.0
7281,4.0
7282,3.0
7283,3.0
7284,2.0
7285,3.0
7286,2.0
7287,4.0
7288,2.0
7289,5.0
7290,4.0
7291,3.0
7292,2.0
7293,2.0
7294,2.0
7295,4.0
7296,3.0
7297,3.0
7298,3.0
7299,4.0
7300,4.0
7301,5.0
7302,3.0
7303,2.0
7304,2.0
7305,4.0
7306,3.0
7307,4.0
7308,2.0
7309,2.0
7310,3.0
7311,1.0
7312,2.0
7313,1.0
7314,3.0
7315,4.0
7316,4.0
7317,3.0
7318,3.0
7319,2.0
7320,4.0
7321,3.0
7322,3.0
7323,2.0
7324,3.0
7325,3.0
7326,2.0
7327,3.0
7328,4.0
7329,3.0
7330,2.0
7331,3.0
7332,3.0
7333,2.0
7334,3.0
7335,3.0
7336,3.0
7337,3.0
7338,3.0
7339,2.0
7340,1.0
7341,4.0
7342,2.0
7343,4.0
7344,2.0
7345,3.0
7346,2.0
7347,4.0
7348,1.0
7349,3.0
7350,3.0
7351,3.0
7352,3.0
7353,2.0
7354,4.0
7355,3.0
7356,1.0
7357,3.0
7358,3.0
7359,3.0
7360,3.0
7361,3.0
7362,3.0
7363,2.0
7364,2.0
7365,2.0
7366,4.0
7367,3.0
7368,3.0
7369,4.0
7370,1.0
7371,2.0
7372,2.0
7373,3.0
7374,2.0
7375,3.0
7376,3.0
7377,2.0
7378,4.0
7379,2.0
7380,2.0
7381,2.0
7382,2.0
7383,3.0
7384,1.0
7385,2.0
7386,2.0
7387,2.0
7388,4.0
7389,3.0
7390,4.0
7391,4.0
7392,3.0
7393,3.0
7394,3.0
7395,5.0
7396,4.0
7397,2.0
7398,2.0
7399,2.0
7400,2.0
7401,3.0
7402,4.0
7403,3.0
7404,3.0
7405,3.0
7406,4.0
7407,4.0
7408,2.0
7409,3.0
7410,4.0
7411,3.0
7412,3.0
7413,4.0
7414,3.0
7415,3.0
7416,3.0
7417,3.0
7418,2.0
7419,4.0
7420,2.0
7421,3.0
7422,3.0
7423,3.0
7424,3.0
7425,3.0
7426,5.0
7427,3.0
7428,4.0
7429,4.0
7430,2.0
7431,3.0
7432,4.0
7433,5.0
7434,3.0
7435,3.0
7436,3.0
7437,5.0
7438,5.0
7439,2.0
7440,3.0
7441,3.0
7442,3.0
7443,2.0
7444,1.0
7445,3.0
7446,3.0
7447,4.0
7448,4.0
7449,3.0
7450,4.0
7451,3.0
7452,2.0
7453,3.0
7454,3.0
7455,2.0
7456,3.0
7457,3.0
7458,3.0
7459,2.0
7460,2.0
7461,3.0
7462,4.0
7463,4.0
7464,2.0
7465,3.0
7466,3.0
7467,4.0
7468,5.0
7469,4.0
7470,3.0
7471,2.0
7472,4.0
7473,2.0
7474,2.0
7475,4.0
7476,4.0
7477,2.0
7478,1.0
7479,3.0
7480,2.0
7481,3.0
7482,3.0
7483,2.0
7484,3.0
7485,2.0
7486,3.0
7487,2.0
7488,2.0
7489,4.0
7490,5.0
7491,2.0
7492,3.0
7493,3.0
7494,3.0
7495,3.0
7496,4.0
7497,2.0
7498,3.0
7499,2.0
7500,4.0
7501,1.0
7502,2.0
7503,5.0
7504,4.0
7505,3.0
7506,3.0
7507,1.0
7508,3.0
7509,3.0
7510,3.0
7511,3.0
7512,3.0
7513,3.0
7514,4.0
7515,3.0
7516,1.0
7517,4.0
7518,4.0
7519,2.0
7520,2.0
7521,3.0
7522,4.0
7523,1.0
7524,2.0
7525,5.0
7526,3.0
7527,2.0
7528,3.0
7529,1.0
7530,2.0
7531,1.0
7532,3.0
7533,3.0
7534,5.0
7535,3.0
7536,4.0
7537,4.0
7538,3.0
7539,2.0
7540,3.0
7541,3.0
7542,3.0
7543,3.0
7544,1.0
7545,3.0
7546,4.0
7547,2.0
7548,1.0
7549,3.0
7550,3.0
7551,3.0
7552,1.0
7553,4.0
7554,3.0
7555,2.0
7556,2.0
7557,5.0
7558,3.0
7559,2.0
7560,3.0
7561,3.0
7562,2.0
7563,2.0
7564,3.0
7565,2.0
7566,3.0
7567,3.0
7568,3.0
7569,2.0
7570,3.0
7571,3.0
7572,3.0
7573,2.0
7574,4.0
7575,2.0
7576,3.0
7577,3.0
7578,3.0
7579,3.0
7580,2.0
7581,3.0
7582,1.0
7583,3.0
7584,2.0
7585,4.0
7586,3.0
7587,2.0
7588,3.0
7589,4.0
7590,3.0
7591,3.0
7592,3.0
7593,2.0
7594,3.0
7595,3.0
7596,1.0
7597,2.0
7598,1.0
7599,5.0
7600,3.0
7601,2.0
7602,2.0
7603,2.0
7604,3.0
7605,2.0
7606,4.0
7607,4.0
7608,4.0
7609,3.0
7610,3.0
7611,2.0
7612,2.0
7613,3.0
7614,2.0
7615,3.0
7616,2.0
7617,5.0
7618,5.0
7619,2.0
7620,3.0
7621,2.0
7622,4.0
7623,3.0
7624,1.0
7625,3.0
7626,3.0
7627,2.0
7628,3.0
7629,4.0
7630,4.0
7631,1.0
7632,4.0
7633,3.0
7634,4.0
7635,3.0
7636,3.0
7637,3.0
7638,2.0
7639,3.0
7640,4.0
7641,4.0
7642,4.0
7643,4.0
7644,3.0
7645,2.0
7646,2.0
7647,3.0
7648,2.0
7649,2.0
7650,3.0
7651,3.0
7652,4.0
7653,4.0
7654,2.0
7655,3.0
7656,3.0
7657,2.0
7658,2.0
7659,3.0
7660,3.0
7661,3.0
7662,3.0
7663,3.0
7664,3.0
7665,4.0
7666,2.0
7667,3.0
7668,3.0
7669,4.0
7670,3.0
7671,3.0
7672,1.0
7673,2.0
7674,5.0
7675,3.0
7676,2.0
7677,2.0
7678,3.0
7679,3.0
7680,2.0
7681,3.0
7682,4.0
7683,3.0
7684,3.0
7685,4.0
7686,3.0
7687,2.0
7688,3.0
7689,3.0
7690,3.0
7691,3.0
7692,3.0
7693,5.0
7694,1.0
7695,3.0
7696,2.0
7697,3.0
7698,3.0
7699,2.0
7700,2.0
7701,2.0
7702,3.0
7703,3.0
7704,3.0
7705,3.0
7706,4.0
7707,3.0
7708,3.0
7709,3.0
7710,4.0
7711,2.0
7712,3.0
7713,3.0
7714,1.0
7715,3.0
7716,4.0
7717,4.0
7718,2.0
7719,3.0
7720,2.0
7721,2.0
7722,3.0
7723,3.0
7724,3.0
7725,3.0
7726,3.0
7727,3.0
7728,3.0
7729,1.0
7730,3.0
7731,4.0
7732,3.0
7733,1.0
7734,3.0
7735,4.0
7736,2.0
7737,4.0
7738,2.0
7739,2.0
7740,2.0
7741,4.0
7742,3.0
7743,3.0
7744,2.0
7745,2.0
7746,2.0
7747,3.0
7748,2.0
7749,4.0
7750,4.0
7751,3.0
7752,2.0
7753,4.0
7754,1.0
7755,2.0
7756,4.0
7757,4.0
7758,5.0
7759,3.0
7760,3.0
7761,2.0
7762,2.0
7763,3.0
7764,5.0
7765,3.0
7766,3.0
7767,5.0
7768,1.0
7769,3.0
7770,2.0
7771,2.0
7772,4.0
7773,3.0
7774,3.0
7775,3.0
7776,3.0
7777,4.0
7778,4.0
7779,4.0
7780,3.0
7781,3.0
7782,3.0
7783,3.0
7784,2.0
7785,1.0
7786,2.0
7787,2.0
7788,3.0
7789,5.0
7790,4.0
7791,3.0
7792,3.0
7793,1.0
7794,4.0
7795,2.0
7796,4.0
7797,4.0
7798,4.0
7799,3.0
7800,2.0
7801,3.0
7802,3.0
7803,3.0
7804,3.0
7805,3.0
7806,3.0
7807,2.0
7808,3.0
7809,2.0
7810,3.0
7811,2.0
7812,2.0
7813,3.0
7814,3.0
7815,3.0
7816,3.0
7817,3.0
7818,2.0
7819,3.0
7820,3.0
7821,3.0
7822,3.0
7823,2.0
7824,2.0
7825,3.0
7826,3.0
7827,3.0
7828,3.0
7829,3.0
7830,1.0
7831,2.0
7832,3.0
7833,5.0
7834,3.0
7835,3.0
7836,3.0
7837,5.0
7838,4.0
7839,3.0
7840,2.0
7841,4.0
7842,2.0
7843,3.0
7844,3.0
7845,3.0
7846,3.0
7847,3.0
7848,1.0
7849,3.0
7850,2.0
7851,2.0
7852,2.0
7853,3.0
7854,3.0
7855,5.0
7856,3.0
7857,5.0
7858,4.0
7859,3.0
7860,4.0
7861,1.0
7862,2.0
7863,3.0
7864,4.0
7865,3.0
7866,3.0
7867,3.0
7868,4.0
7869,2.0
7870,3.0
7871,3.0
7872,2.0
7873,2.0
7874,3.0
7875,3.0
7876,3.0
7877,2.0
7878,3.0
7879,3.0
7880,1.0
7881,2.0
7882,3.0
7883,3.0
7884,3.0
7885,2.0
7886,3.0
7887,2.0
7888,4.0
7889,3.0
7890,3.0
7891,3.0
7892,3.0
7893,3.0
7894,2.0
7895,3.0
7896,3.0
7897,3.0
7898,3.0
7899,1.0
7900,4.0
7901,3.0
7902,3.0
7903,3.0
7904,5.0
7905,4.0
7906,2.0
7907,2.0
7908,3.0
7909,4.0
7910,4.0
7911,4.0
7912,3.0
7913,2.0
7914,3.0
7915,4.0
7916,2.0
7917,3.0
7918,3.0
7919,2.0
7920,3.0
7921,3.0
7922,4.0
7923,2.0
7924,2.0
7925,4.0
7926,4.0
7927,2.0
7928,3.0
7929,3.0
7930,3.0
7931,2.0
7932,3.0
7933,3.0
7934,2.0
7935,1.0
7936,2.0
7937,3.0
7938,3.0
7939,4.0
7940,3.0
7941,2.0
7942,3.0
7943,3.0
7944,1.0
7945,1.0
7946,4.0
7947,3.0
7948,2.0
7949,1.0
7950,4.0
7951,3.0
7952,3.0
7953,3.0
7954,5.0
7955,4.0
7956,3.0
7957,2.0
7958,2.0
7959,3.0
7960,3.0
7961,3.0
7962,2.0
7963,3.0
7964,2.0
7965,2.0
7966,3.0
7967,3.0
7968,3.0
7969,3.0
7970,3.0
7971,3.0
7972,3.0
7973,2.0
7974,3.0
7975,3.0
7976,4.0
7977,2.0
7978,4.0
7979,2.0
7980,4.0
7981,3.0
7982,3.0
7983,4.0
7984,4.0
7985,3.0
7986,2.0
7987,2.0
7988,1.0
7989,4.0
7990,3.0
7991,3.0
7992,3.0
7993,3.0
7994,2.0
7995,2.0
7996,3.0
7997,2.0
7998,3.0
7999,3.0
